track_name,artist_name,artist_pop,album,track_pop,danceability,energy,loudness,mode,key,speechiness,acousticness,instrumentalness,liveness,valence,tempo,time_signature,duration_ms,year
Knock at the Door,Playsongs People,25,Playsongs Rhyme Time,12,60.4,15.1,-23.928,0,7,88.3,82.1,4.98e-05,8.67,0.216,209.082,3,37632,2020
"Livin' in the Sunlight, Lovin' in the Moon Light",Tiny Tim,41,God Bless Tiny Tim,51,60.3,27.6,-19.238,1,4,8.71,91.1,0.00237,48.4,0.86,99.561,4,125933,2019
When She Loved Me,Lyn Lapid,61,When She Loved Me,61,60.4,4.58,-19.031,1,4,7.62,97.3,0,9.63,0.617,76.235,3,187709,2020
WFM,RealestK,62,WFM,3,43.7,18.4,-17.667,1,1,3.13,72,0.00253,11.3,0.247,80.088,4,136000,2021
Eyes Blue Like The Atlantic,Sista Prod,56,Eyes Blue Like The Atlantic,0,73.6,27.9,-16.926,0,9,90.3,65,0.000312,24.6,0.476,76.431,4,154550,2020
Baby Yoda,Song a Day,25,Baby Yoda,38,82.2,40.8,-16.616,1,2,20.6,37.3,0.0685,11.8,0.848,160.074,4,87000,2019
Tequila,The Champs,48,Go Champ Go,0,60,52.8,-16.601,1,10,3.85,75.2,0.684,4.93,0.971,174.095,4,135027,2019
Ghost Duet,Louie Zong,52,Ghost Duet,58,70.7,23.4,-16.523,1,7,8.64,96,0.861,12.4,0.611,78.036,3,60004,2019
New Flesh,Current Joys,66,Wild Heart,3,62,59.4,-16.066,1,9,3.83,88.7,0.5,9.17,0.698,165.861,4,167987,2019
Sweet Caroline,Neil Diamond,67,Sweet Caroline,79,52.9,12.7,-16.066,1,11,2.74,61.1,0.000109,23.7,0.578,63.05,4,203573,2019
She Belongs to the Streets (Toxic),Rontae Don't Play,24,She Belongs to the Streets (Toxic),39,89.3,29.6,-15.774,1,1,90.7,0.348,0,17.6,0.321,130.145,4,147697,2020
Queen of Disaster,Scarlett Rose,40,Queen of Disaster,49,68.8,31.6,-15.548,0,9,3.57,63.1,0,38.7,0.688,128.084,4,195631,2020
"Part of Your World - From ""The Little Mermaid"" / Soundtrack Version",Jodi Benson,53,The Little Mermaid,60,38.7,13.2,-15.142,1,5,3.86,91.4,0.000707,28.1,0.323,100,4,195493,2020
This Is for Rachel,Gxrrixon,0,This Is for Rachel,0,90,46.1,-14.453,1,8,51.5,16.1,1.78e-06,8.9,0.35,96.985,4,165698,2019
Fly Me To The Moon (In Other Words),Frank Sinatra,74,Sinatra/Basie: The Complete Reprise Studio Recordings,71,66.8,26,-14.256,1,7,5.23,45.3,0,6.21,0.368,119.416,4,147000,2019
Amour plastique,Videoclub,57,Amour plastique,68,70,35.4,-14.043,0,6,3.45,76.5,0.00158,12.8,0.245,119.965,4,227027,2019
Corduroy Dreams,Rex Orange County,79,Bcos U Will Never B Free,73,60.8,30.5,-14.037,1,4,5.3,65.3,0,10.3,0.222,113.818,4,206975,2019
You Reposted in the Wrong Neighborhood I Glue70 Mashup,Shokk,42,You Reposted in the Wrong Neighborhood I Glue70 Mashup,60,80.5,64.3,-13.912,1,10,23.2,41,0,60.6,0.927,104.047,4,196642,2019
LEMONS - Demo,Brye,48,LEMONS (Demo),57,50.1,16.8,-13.682,0,4,30.4,90.1,0,13.4,0.514,82.574,4,193208,2020
Entropy (2014 Original),Awkward Marina,40,Entropy (2014 Original),56,68,51.3,-13.605,1,8,5.98,22,0,13.8,0.397,106.981,4,210887,2019
Drip Boy,Saint Bone,0,Drip Boy,0,86.4,43.3,-13.471,0,1,35.2,18.2,0,29.9,0.486,78.08,4,203533,2019
Who R U,Jufu,31,Who R U,35,92.5,33.7,-13.445,1,1,41,1.35,0,6.5,0.529,91.478,4,124613,2019
Not What I Meant (feat. Lewis Watson),dodie,61,Human,45,48.2,27.3,-13.396,1,0,4.3,79.2,0.00223,10.9,0.142,118.952,4,143290,2019
It's Only Me - Studio Version,Kaleb J,60,It's Only Me (Studio Version),73,60.2,29.8,-13.333,1,4,3.85,31,0,11.7,0.316,119.889,4,203076,2021
Just Did a Bad Thing,Bill Wurtz,43,Just Did a Bad Thing,43,75.4,52.6,-12.96,1,1,4.35,0.261,0.466,11.3,0.716,117.051,4,167180,2019
we fell in love in october,girl in red,75,we fell in love in october / forget her,82,56.6,36.6,-12.808,1,7,2.8,11.3,0.181,15.5,0.237,129.959,4,184154,2019
Coffee Breath,Sofia Mills,53,Coffee Breath,70,86.6,21.1,-12.676,0,11,4.04,97.4,0,9.87,0.198,101.295,4,163902,2020
Shop,Toby Fox,70,UNDERTALE Soundtrack,1,69.6,30.1,-12.647,1,8,3.2,98.4,0.624,17,0.848,154.929,4,50274,2019
Motive X - Promiscuous Mix,Khlaw,49,Motive X (Promiscuous Mix),4,78.6,76.4,-12.556,1,0,4.78,0.584,1.32e-05,37.6,0.789,112.005,4,193190,2021
Gm Say It Back,Killua the Pilgrim,16,Gm Say It Back,31,68.9,40.5,-12.525,1,8,17.1,73.3,4.8e-05,54,0.423,77.54,4,102792,2019
Woahh,Jufu,31,Woahh,22,74.9,28.3,-12.368,0,0,32.8,61.8,3.73e-06,8.25,0.269,142.046,4,172888,2019
You Make My Dreams (Come True),Daryl Hall & John Oates,70,Voices,77,75.1,50.1,-12.151,1,5,5.51,23.4,0.112,4.67,0.902,167.057,4,190627,2019
Renai Circulation (English Cover) [2012 TV Size],Lizz Robinett,52,Renai Circulation (English Cover) [TV Size],0,89.6,55.5,-12.145,1,4,8.5,25.2,0.0143,10.9,0.772,120.013,4,91067,2021
Liar,BigKlit,38,Liar,50,88.3,49.2,-12.118,1,7,35.4,33.9,0,16.6,0.59,94.959,4,146526,2019
Tunnel of Love,ilyTOMMY,61,Tunnel of Love,58,68.3,63.6,-12.096,0,7,9.78,30.2,0.498,9.72,0.615,160.012,4,142365,2019
Falling for U,Peachy!,57,Falling for U,1,51.6,35.8,-12.018,0,8,42.4,74.3,1.3e-06,8.13,0.397,79.509,4,124000,2019
Freak (feat. REI AMI),Sub Urban,67,Thrill Seeker,69,61.9,45,-11.965,0,7,51.5,43.3,0,51.3,0.41,179.755,4,194000,2020
u U U U u U did i mfken stutter?,swimcoach,33,u U U U u U did i mfken stutter?,50,87.8,41.4,-11.881,1,8,66.3,1.39,4.11e-06,9.35,0.139,154.831,4,113502,2019
Hood Baby,KBFR,36,Hood Baby,53,97.4,47.2,-11.848,0,11,44.7,4.88,0.000157,11.6,0.806,126.065,4,110063,2020
TO THE MOON,Jnr Choi,63,TO THE MOON,79,74.5,65,-11.814,1,2,34.6,4.51,0.00758,11.1,0.386,144.047,4,152137,2021
Never Ending Story,Gaten Matarazzo,57,"Stranger Things: Soundtrack from the Netflix Original Series, Season 3",75,43.8,48.9,-11.568,1,0,4.65,1.03,1.22e-05,44.2,0.182,136.077,3,125480,2019
Why Is Everything Chrome (Lean Swag Rock Wit It),King Critical,29,Why Is Everything Chrome (Lean Swag Rock Wit It),46,91.5,39.2,-11.548,1,7,47.5,11.2,0,3.19,0.675,139.94,4,151018,2020
Partition,Beyonc√©,89,BEYONC_ [Platinum Edition],71,41.8,44.1,-11.522,0,11,28.3,2.9,0.0707,30.6,0.172,175.928,4,319467,2020
Rasputin,Boney M.,70,Daddy Cool,70,69,75.2,-11.47,0,6,4.55,46.3,0.00102,59.5,0.97,126.005,4,220667,2021
Sin City,Chrishan,42,Sin City,58,88.6,22.5,-11.437,1,4,45.7,67.6,0,9.38,0.387,120.1,4,212000,2019
Tungs,The Frights,52,You Are Going to Hate This,56,56.5,61.8,-11.316,0,1,10.4,6.97,6.37e-05,50.9,0.5,106.337,4,170299,2019
My Heart Went Oops,Tiagz,47,My Heart Went Oops,51,96,41.2,-11.281,1,1,60.7,11.9,0,9.03,0.49,121.027,4,128926,2020
double take,dhruv,67,double take,6,65.4,43.4,-11.163,1,8,6.65,83.7,0,21.6,0.223,109.069,4,171743,2021
Kolors,monte booker,47,Soulection White Label - Monte Booker,56,71.8,40.3,-11.064,0,2,20.5,26.3,1.56e-06,22.8,0.636,129.582,4,177856,2020
Dancing in My Room,347aidan,70,Dancing in My Room,75,98,41.3,-11.052,0,8,10.1,67.1,7.95e-05,17,0.764,119.993,4,180139,2020
Yellow Hearts,Ant Saunders,52,Yellow Hearts,0,86.6,39.9,-10.938,1,7,7.45,11.7,0,6.89,0.713,129.047,4,223256,2019
Wii Shop - Instrumental,Iceboy Ben,36,Wii Shop,43,76,51.6,-10.881,1,0,6.94,0.0192,0.904,10.9,0.829,148.272,4,96968,2019
Put Your Records On,Ritt Momney,60,Put Your Records On,77,39.9,49.1,-10.778,0,6,5.38,5.63,0.00089,11,0.151,91.066,4,210463,2020
7 rings,Ariana Grande,87,7 rings,1,72.5,32.1,-10.744,0,1,32.3,57.8,0,8.84,0.319,70.142,4,178640,2019
Dissolve,Absofacto,56,Thousand Peaces,68,68.8,58.2,-10.668,0,6,5.42,23,0.000157,6.63,0.872,85.486,4,224661,2019
Dissolve,Absofacto,56,Thousand Peaces,68,68.8,58.2,-10.668,0,6,5.42,23,0.000157,6.63,0.872,85.486,4,224661,2020
Airplane Mode,Limbo,50,Holo,0,66.5,37.3,-10.631,1,7,15.8,85.2,0.118,10.8,0.07,119.905,4,164113,2019
Airplane Mode,Limbo,50,Holo,0,66.5,37.3,-10.631,1,7,15.8,85.2,0.118,10.8,0.07,119.905,4,164113,2020
Aesthetic,Xilo,39,Aesthetic,2,71.4,59.4,-10.63,1,0,43,96.5,0.255,12.9,0.45,169.837,4,158436,2020
Love Songs,Kaash Paige,61,R&B Smooth Vibes,1,64,35.5,-10.599,1,5,9.06,83,0.000938,11,0.451,120.063,4,148640,2020
TWINNEM,Coi Leray,65,TWINNEM,57,88.5,35.3,-10.484,1,2,9.12,8.66,5.78e-05,17.3,0.316,134.079,4,117067,2021
Bored In The House,Tyga,79,Bored In The House,53,92.8,37.2,-10.393,1,1,32.1,2.02,9.6e-06,9.48,0.732,112.458,4,174933,2020
We Know,Lin-Manuel Miranda,71,Hamilton (Original Broadway Cast Recording),60,71.8,48.4,-10.376,1,11,52.3,31.2,0,12.7,0.692,113.855,4,142044,2020
I Will Survive - Single Version,Gloria Gaynor,62,Colour Collection,60,77.1,64.9,-10.375,1,0,4.34,1.37,0.00111,32.4,0.653,116.286,4,197573,2019
Wanna Be Like You,Jacob,4,Wanna Be Like You,17,81.6,36.3,-10.362,1,5,10.1,48.7,3.41e-06,20.5,0.595,104.274,4,229415,2019
fast,Sueco,65,fast,0,87.7,50.3,-10.269,0,7,22,16.4,0.0132,10.2,0.529,100.069,4,144000,2019
fast,Sueco,65,fast,0,87.7,50.3,-10.269,0,7,22,16.4,0.0132,10.2,0.529,100.069,4,144000,2020
It's Up Freestyle,Lil Keed,60,It's Up Freestyle,51,85.9,39.1,-10.252,0,7,70.1,2.16,0,9.68,0.354,157.037,4,159745,2019
3 Musketeers,NextYoungin,47,3 Musketeers,65,91,61.7,-10.234,1,0,8.47,25.8,0,12.2,0.572,104.972,4,166857,2020
Let Go,Ark Patrol,54,Let Go,70,47,43.6,-10.228,1,0,3.51,67,0.263,29.4,0.0389,81.972,3,248056,2020
"Spooky, Scary Skeletons",Andrew Gold,49,Halloween Howls: Fun & Scary Music,50,80.6,44.7,-10.181,1,7,4.61,27,3.7e-06,33.5,0.914,77.033,5,127627,2019
Caroline,Amin√©,69,Good For You,73,94,33.5,-10.179,0,5,50.5,17,0,26.2,0.707,120.04,4,209640,2021
Psycho!,MASN,60,How To Kill A Rockstar,68,87.6,31.2,-10.17,1,7,5.21,44.3,0,24.7,0.377,114.973,4,197217,2020
I Wish - Radio Edit,Skee-Lo,51,I Wish,63,71.5,73.8,-10.139,1,7,15.7,0.826,0,26,0.573,97.877,4,252307,2019
MONEY,LISA,70,LALISA,77,82.6,55.3,-10.121,0,1,23.4,16.3,4.12e-05,13.5,0.4,140.037,4,168228,2021
If the World Was Ending (feat. Julia Michaels),JP Saxe,66,If the World Was Ending (feat. Julia Michaels),78,46.4,47.3,-10.086,1,1,12.9,86.6,0,10.9,0.604,75.801,4,208687,2019
The Dice Beat Pt. 1,Ricky Desktop,55,The Dice Beat Pt. 1,34,94.6,26.9,-10.061,1,1,56.7,1.8,0.068,10.8,0.0999,125.95,4,100000,2020
Mr. Blue Sky,Electric Light Orchestra,70,Out of the Blue,80,38.8,33.8,-10.054,1,10,3.29,65.2,3.73e-06,24.8,0.478,177.765,4,303373,2020
What They Want,Russ,77,There's Really A Wolf,72,71,40.4,-10.04,0,1,37.9,48.4,0,9.53,0.398,139.553,4,165853,2020
I'm Looking for Mrs. Bubblegum,Memetown,20,I'm Looking for Mrs. Bubblegum,29,97.7,39,-10.025,1,1,30.2,21.4,6.06e-06,5.8,0.962,124.036,4,281313,2020
Shouldn't Be,Luke Chiang,59,Shouldn't Be,73,65.1,29.1,-10.009,1,4,3.26,73.8,0,11.5,0.302,124.898,3,210436,2021
Moon (And It Went Like),Kid Francescoli,56,Play Me Again,66,66.2,65.7,-10.002,1,7,3.45,28.8,0.856,10.2,0.0584,117.986,4,390639,2020
Party Girl,StaySolidRocky,59,Party Girl,71,72.8,43.1,-9.966,0,6,6.22,74.9,0,9.96,0.629,130.022,4,147800,2020
Get Down,SIX,61,Six: The Musical (Studio Cast Recording),61,89.8,40.6,-9.905,0,4,10.2,0.986,0,5.09,0.39,102.985,4,253993,2019
Toosie Slide,Drake,95,Toosie Slide,73,83.4,45.4,-9.75,0,1,20.1,32.1,6.15e-06,11.4,0.837,81.618,4,247059,2020
happier,Olivia Rodrigo,85,SOUR,86,39.5,44.3,-9.72,1,6,13.3,76.5,9.67e-06,8.39,0.338,168.924,3,175933,2021
Rags2Riches 2 (feat. Lil Baby),Rod Wave,78,Pray 4 Love (Deluxe),4,87.4,44.3,-9.628,0,5,24.1,14.7,0,12.4,0.298,118.004,4,235988,2020
Rags2Riches 2 (feat. Lil Baby),Rod Wave,78,Pray 4 Love (Deluxe),71,87.4,44.3,-9.628,0,5,24.1,14.7,0,12.4,0.298,118.004,4,235988,2020
I Lived,Kenny Packer,24,I Lived,35,63.6,67.4,-9.623,1,2,3.36,21.5,1.97e-05,15.7,0.18,119.955,4,188056,2019
I'm Sorry,Swell,47,Theres Still Us,0,94.4,54.1,-9.61,0,6,16.6,8.79,0.000119,3.3,0.724,134.942,4,157333,2019
Baby Powder,Bandingo YGNE,34,Dingo Christmas Season,40,80.4,43.9,-9.605,1,1,36.5,35.7,0,16.2,0.329,150.039,4,167500,2019
Becky,Championxiii,39,Champion Status,46,93.4,43.9,-9.564,0,4,33.8,0.506,0,9.2,0.289,140.022,4,118776,2019
Becky,Championxiii,39,Champion Status,46,93.4,43.9,-9.564,0,4,33.8,0.506,0,9.2,0.289,140.022,4,118776,2020
Mary Jane (All Night Long),Mary J. Blige,70,My Life,61,78.4,29.8,-9.56,0,5,5.42,12.5,3.19e-05,6.78,0.846,87.172,4,279240,2020
Crush,Tessa Violet,56,Bad Ideas,65,91,40.2,-9.55,1,1,8.57,2.97,0.00018,8.01,0.825,135.993,4,216267,2020
Crush,Tessa Violet,56,Bad Ideas,0,91.2,40.1,-9.536,1,1,8.56,3,0.000141,8,0.82,135.995,4,215832,2019
Psycho!,MASN,60,Psycho!,0,86.8,36.5,-9.51,1,7,3.83,43.3,0,20.7,0.471,114.979,4,197217,2019
Go Go Go Who's Next?,Hip Hop Harry,21,Go Go Go Who's Next?,35,95,73.8,-9.504,0,10,32.3,11.3,0.000209,11.2,0.568,104.998,4,188735,2020
It Won't Stop (feat. Chris Brown) - EP Version,Sevyn Streeter,60,"Call Me Crazy, But...",69,65.7,57.4,-9.484,0,1,4.07,1.6,8.1e-05,17.2,0.211,119.992,4,281080,2020
Kraazy,Likybo,43,Million Dollar Mindset,60,68.9,70.1,-9.477,0,6,23.7,31.4,0,12.3,0.37,94.982,4,151579,2020
Ligma,Billy Marchiafava,53,Ligma,49,93.7,39.7,-9.414,1,8,41.8,9.15,0,9.19,0.603,128.561,4,75717,2019
Throw That Back Like a Cadillac,El Memer,1,Throw That Back Like a Cadillac,0,89.4,62.7,-9.408,1,7,63.9,7.58,0,10.8,0.383,139.91,4,118075,2020
I Wanna Love You,Akon,79,Konvicted,14,86.5,45,-9.387,1,0,4.17,3.59,1.28e-06,30.8,0.352,99.989,4,247067,2021
Faucet Failure,Ski Mask The Slump God,75,STOKELEY,75,93.5,55.2,-9.373,0,10,33.5,11.1,0,9.52,0.615,99.993,4,145627,2019
Stuck in the Middle,Tai Verdes,70,Stuck in the Middle,0,84.4,42.9,-9.308,1,2,4.48,57.4,0,9.49,0.764,119.989,4,196000,2021
Lets Link,WhoHeem,48,Lets Link,1,83.9,68.3,-9.232,0,10,16.5,0.667,0,24.1,0.522,120.003,4,159955,2020
Wouldn't It Be Nice - Remastered 1999,The Beach Boys,72,The Beach Boys Love Songs,60,42.9,54.3,-9.139,1,5,3.47,53.6,2.54e-05,12.5,0.693,122.619,4,145107,2019
Get It Together,Drake,95,More Life,71,78.1,72.1,-9.133,0,5,5.14,9.45,0.391,10.4,0.849,123.011,4,250337,2020
Addison Rae,The Kid LAROI,83,Addison Rae,59,90.1,49,-9.099,0,5,12.9,1.55,0,10.9,0.397,135.015,4,163574,2020
CRACKHEAD,iLOVEFRiDAY,42,CRACKHEAD,31,74.6,41.9,-9.083,1,5,47.8,8.28,0.00457,56.1,0.421,145.059,4,43427,2019
Buttercup,Jack Stauber,62,Pop Food,72,70.5,37.3,-9.066,1,7,3.84,72.3,0.81,28.9,0.551,120.046,4,208026,2019
Buttercup,Jack Stauber,62,Pop Food,72,70.5,37.3,-9.066,1,7,3.84,72.3,0.81,28.9,0.551,120.046,4,208026,2020
Crystal Dolphin,Engelwood,50,Crust Fm,0,56.7,68.7,-9.041,0,1,12.5,36,0.00293,47.4,0.396,128.201,4,115518,2019
Cheryl,Yung Gravy,75,Cheryl,62,80.1,69.8,-8.998,0,0,33,4.77,1.46e-06,18.4,0.502,76.5,4,169020,2020
everything sucks,vaultboy,63,everything sucks,76,76,37.1,-8.964,1,6,5.31,0.772,0,7.85,0.653,138.023,4,115402,2021
Heartbreak Anniversary,Giveon,80,TAKE TIME,83,44.9,46.5,-8.964,1,0,7.91,52.4,1.02e-06,30.3,0.543,89.087,3,198371,2021
TROLLZ (with Nicki Minaj),6ix9ine,71,TROLLZ (with Nicki Minaj),5,74.4,42.2,-8.946,1,1,29.4,3.19,0.00011,11,0.493,180.006,4,202667,2020
Yellow Hearts,Ant Saunders,52,Yellow Hearts,68,86.6,43.8,-8.943,1,7,7.19,17.7,0,7.43,0.695,129.039,4,223258,2020
Woah (feat. D3Mstreet),KRYPTO9095,39,Woah (feat. D3Mstreet),56,88.8,52.2,-8.936,1,1,43,0.739,0,4.52,0.623,144.011,4,123373,2019
Go Crazy,Chris Brown,86,Slime & B,77,75.5,57.8,-8.932,0,0,14.5,31.6,0,25,0.581,94.148,4,176960,2020
hate u love u,Olivia O'Brien,69,hate u love u,74,40.7,41.6,-8.915,0,6,17.4,65.6,0,9.81,0.246,176.947,4,175467,2020
feel something,Bea Miller,68,feel something,71,74,41.5,-8.914,1,0,7.07,24.2,0.000156,31.9,0.156,136.029,4,180161,2020
dirty laundry,blackbear,80,deadroses,65,76.6,64,-8.899,1,0,3.45,5.1,0,23.7,0.67,100.044,4,165600,2021
Famous (I'm The One) (feat. Yo Gotti & DeJ Loaf),Mozzy,68,Gangland Landlord,56,43.2,61.2,-8.846,0,11,21.1,0.185,0,30.8,0.253,88.716,4,205333,2020
Stolen Dance,Milky Chance,71,Sadnecessary,16,88.5,58.1,-8.813,1,11,3.78,42.7,0.000204,7.59,0.728,114.016,4,313684,2019
drivers license,Olivia Rodrigo,85,SOUR,88,56.1,43.1,-8.81,1,10,5.78,76.8,1.42e-05,10.6,0.137,143.875,4,242013,2021
ALL IN,ZaeHD & CEO,37,HighDefGang Vol.1,44,89.5,39.4,-8.8,1,1,40.7,0.0686,0,23.9,0.491,141.008,4,206733,2019
Mia Khalifa,iLOVEFRiDAY,42,Mia Khalifa,60,81.2,52.5,-8.798,1,1,12.4,25.5,0,32.5,0.564,145.016,4,177133,2019
Funny Thing,Thundercat,69,It Is What It Is,72,58.6,89.3,-8.772,1,7,43.9,82.7,0.642,21.2,0.65,140.023,3,116630,2020
Ultralight Beam,Kanye West,90,The Life Of Pablo,70,59.2,40.3,-8.768,0,0,41.4,62,0,54,0.391,105.169,4,320680,2020
death bed (coffee for your head),Powfu,71,death bed (coffee for your head),82,72.6,43.1,-8.765,0,8,13.5,73.1,0,69.6,0.348,144.026,4,173333,2020
Falling,Trevor Daniel,65,Falling,15,78.5,43.1,-8.756,0,10,3.64,12.3,0,8.87,0.236,127.085,4,159382,2019
Falling,Trevor Daniel,65,Nicotine,3,78.4,43,-8.756,0,10,3.64,12.3,0,8.87,0.236,127.087,4,159382,2019
Falling,Trevor Daniel,66,Falling,15,78.5,43.1,-8.756,0,10,3.64,12.3,0,8.87,0.236,127.085,4,159382,2020
idfc,blackbear,80,deadroses,75,63,50,-8.755,0,1,6.11,61.1,4.04e-05,11.4,0.315,144.871,4,245172,2021
I Wanna Love You,Akon,79,Konvicted (Complete Edition),64,86.3,50.1,-8.753,0,9,4.33,1.64,0,27.2,0.357,99.994,4,246765,2020
I Just Want to Be the One You Love,Boxout,44,I Just Want to Be the One You Love,62,49.7,34.9,-8.749,0,9,8.77,96.7,0.037,22.8,0.251,140.551,1,80842,2020
Vibe (If I Back It Up),Cookiee Kawaii,53,Vibe (If I Back It Up),53,75.4,56.8,-8.719,1,10,34.4,6.35,0.00932,11.8,0.175,159.947,4,83940,2020
Muffins In The Freezer,Tiagz,47,Muffins In The Freezer,47,96.5,41.2,-8.696,1,0,43.4,7.78,1.12e-06,8.67,0.486,120.03,4,106016,2020
Just Can__ Get Enough,Black Eyed Peas,80,The Beginning,76,65.9,62.8,-8.685,0,0,17.9,18.6,0,10.5,0.262,94.05,4,219427,2020
Change Ya Life,Haiti Babii,47,Change Ya Life,58,69.6,39.9,-8.673,0,4,3.69,2.24,0,7.47,0.364,98.004,4,156770,2019
Lose Control,MEDUZA,74,Lose Control,78,59.8,52.6,-8.659,0,10,4.15,12.9,0,14,0.529,123.935,4,168387,2020
The Git Up,Blanco Brown,60,The Git Up,2,84.7,67.8,-8.635,1,9,10.9,6.69,0,27.4,0.811,97.984,4,200594,2019
Moral of the Story,Ashe,68,Moral of the Story,76,57.2,40.6,-8.624,1,10,4.27,58.7,4.48e-06,10.2,0.265,119.812,4,201084,2020
Lottery (Renegade),K CAMP,63,Wayy 2 Kritical,56,91.5,55.6,-8.601,1,1,21.6,1.45,0.000179,7.33,0.67,148.964,4,170947,2019
Lottery (Renegade),K CAMP,63,Wayy 2 Kritical,56,91.5,55.6,-8.601,1,1,21.6,1.45,0.000179,7.33,0.67,148.964,4,170947,2020
cardigan,Taylor Swift,93,folklore,79,61.3,58.1,-8.588,0,0,4.24,53.7,0.000345,25,0.551,130.033,4,239560,2020
Drugs,UPSAHL,61,Drugs,68,88.3,41.5,-8.571,0,6,17.4,35,0,6.3,0.318,76.986,4,155867,2020
Good Morning,Mak Sauce,35,Good Morning,2,88.4,54.3,-8.552,1,11,49.2,6.03,0,6.72,0.783,148.037,4,155742,2019
Put Your Head on My Shoulder,Paul Anka,59,Sings His Favorites,63,54.9,43.3,-8.526,1,7,3.27,90.6,0.0108,7.74,0.486,116.068,3,155080,2019
Savage Love (Laxed - Siren Beat),Jawsh 685,63,Savage Love (Laxed - Siren Beat),77,76.7,48.1,-8.52,0,0,8.03,23.4,0,26.9,0.761,150.076,4,171375,2020
Savage Love (Laxed - Siren Beat),Jawsh 685,63,Savage Love (Laxed - Siren Beat),77,76.7,48.1,-8.52,0,0,8.03,23.4,0,26.9,0.761,150.076,4,171375,2021
YRN - Remix,Eduardo Luzqui√±os,57,YRN (Remix),0,80.8,78.2,-8.505,0,7,19.7,2.41,0.00156,12.3,0.634,126.026,4,268355,2021
What You Know Bout Love,Pop Smoke,83,Shoot For The Stars Aim For The Moon,81,70.9,54.8,-8.493,1,10,35.3,65,1.59e-06,13.3,0.543,83.995,4,160000,2021
No Role Modelz,J. Cole,84,2014 Forest Hills Drive,87,69,52.1,-8.492,0,10,33.9,32.4,0,5.34,0.494,100.028,4,292799,2020
Laxed _ Siren Beat,Jawsh 685,63,Laxed (Siren Beat),54,73.6,62,-8.481,0,0,11,5.77,0.692,31.8,0.959,150.026,4,201990,2020
I Can't Handle Change,Roar,63,I Can't Handle Change,80,24.7,43.8,-8.478,1,5,3.58,4.47,0.000867,11.1,0.39,185.711,3,198213,2019
Jingle Bell Rock,Bobby Helms,43,The Classic Years: 1956-1962,42,75.4,42.4,-8.463,1,2,3.63,64.3,0,6.52,0.806,119.705,4,130973,2019
High Fashion (feat. Mustard),Roddy Ricch,80,Please Excuse Me for Being Antisocial,73,83.1,49.9,-8.442,0,11,11.4,26.9,0,30,0.511,97.956,4,220487,2020
Shoota (feat. Lil Uzi Vert),Playboi Carti,82,Die Lit,79,67.3,64.9,-8.433,0,1,19.6,18.8,0,12.2,0.47,153.075,4,153800,2020
Mr. Sandman,The Chordettes,52,The Chordettes' Best,56,61.6,42.6,-8.399,1,9,4.21,63.4,0,6.95,0.589,110.395,4,143613,2020
Good Days,SZA,82,Good Days,81,43.6,65.5,-8.37,0,1,5.83,49.9,8.1e-06,68.8,0.412,121.002,4,279204,2021
Beef FloMix,Flo Milli,67,Beef FloMix,53,85.7,57.5,-8.36,1,7,22.1,23.9,0,29.3,0.901,116.993,4,147692,2019
Heal Me,Lady Gaga,84,A Star Is Born Soundtrack,56,60.6,54.4,-8.36,0,9,5.93,4.81,0,9.16,0.456,86.013,4,196800,2020
"Monsters, Inc.",Randy Newman,60,"Monsters, Inc. (Original Motion Picture Soundtrack)",55,68,46.5,-8.353,1,8,2.9,74.3,0.676,13.6,0.847,109.972,4,126387,2019
In The Bible (with Lil Durk & Giveon),Drake,95,Certified Lover Boy,72,68.6,38.5,-8.35,0,7,29.7,61.4,0,13.1,0.147,143.07,4,296568,2021
I Don't Mind (feat. Juicy J),Usher,78,I Don't Mind (feat. Juicy J),67,87,46.4,-8.337,1,4,17.8,20.5,0,9.02,0.457,112.974,4,251989,2019
Gangsta,Kehlani,76,SweetSexySavage (Deluxe),56,46.5,44.6,-8.336,0,10,4.33,10.2,0,32.1,0.131,121.801,4,177773,2020
Stunnin',Curtis Waters,53,Stunnin',2,90.6,60.4,-8.332,0,11,7.46,32.9,0,25.5,0.899,99.996,4,144013,2020
Ramalama (Bang Bang),R√≥is√≠n Murphy,52,Ruby Blue,52,82.2,65.5,-8.316,1,9,3.63,20.5,0.000535,10,0.518,106.977,4,215387,2020
Paris,Else,49,Paris,63,79.2,58.3,-8.305,0,8,2.7,2.3,0.582,8.09,0.54,102.979,4,209709,2020
I Love It (& Lil Pump),Kanye West,90,I Love It,72,90.1,52.2,-8.304,1,2,33,1.14,0,25.9,0.329,104.053,4,127947,2019
Back Up (feat. Big Sean),DeJ Loaf,61,#AndSeeThatsTheThing,54,81.6,53.5,-8.302,1,9,33.8,14.7,4.53e-06,17.6,0.435,80.012,4,241267,2019
It's You,Sezairi,57,It's You,73,63,45.6,-8.285,1,8,3.17,54.5,0,11.4,0.166,137.915,3,251440,2021
MIDDLE OF THE NIGHT,Elley Duh√©,75,MIDDLE OF THE NIGHT,91,41,61.1,-8.271,0,4,4.67,2.28,0,11.6,0.0899,185.727,3,184448,2021
Baby I Got Issues,U/NITISH,46,Baby I Got Issues,63,73.4,49.5,-8.228,0,2,24,54.8,0,12.1,0.539,150.044,4,164955,2021
SUGAR,BROCKHAMPTON,68,GINGER,73,45.3,53.8,-8.212,1,1,6.38,44.9,0,19,0.516,122.973,4,204533,2020
Renee,SALES,61,Renee,65,92.4,38.6,-8.183,1,9,5.48,75.5,0.00253,11.8,0.424,108.957,4,179125,2020
lowkey,NIKI,75,lowkey,76,75.2,49.4,-8.18,1,0,5.59,43.2,0,8.69,0.227,117.901,4,171356,2021
Homage,Mild High Club,62,Skiptracing,0,54.6,46.8,-8.167,1,5,2.87,15.3,0.00257,32.1,0.416,73.372,4,177493,2020
Devil Town,Cavetown,73,Cavetown,0,57.7,75.8,-8.166,1,3,5.86,12.2,0,12.1,0.493,99.969,4,179955,2019
Hotel Room Service,Pitbull,82,Hotel Room Service,63,84.9,59.9,-8.164,1,6,22.7,0.301,0.000249,7.63,0.761,126.003,4,238507,2020
Uno,Ambjaay,41,Uno,56,97.8,47.7,-8.159,1,8,15.5,0.0143,0,13.3,0.196,110.002,4,109091,2019
Rake It Up (feat. Nicki Minaj),Yo Gotti,69,I Still Am,67,91,44.4,-8.126,0,1,34.4,2.2,0,13.7,0.53,149.953,4,276333,2020
Like A G6,Far East Movement,65,Free Wired,74,43.5,83.7,-8.126,1,3,44.9,0.676,0,11.7,0.778,124.913,4,216893,2021
Birthday Suit,Cosmo Sheldrake,53,The Much Much How How and I,0,69,57.4,-8.109,1,8,23.1,83.7,9.48e-05,12.1,0.522,62.619,4,80407,2019
Dilemma,Nelly,74,Nellyville,77,72.7,55.2,-8.074,0,2,14,22.7,0.000164,19.8,0.607,168.189,4,289160,2021
Take Your Man,Mahogany Lox,38,Take Your Man,54,93.4,65.8,-8.052,1,0,10.8,41.1,0.000738,8.09,0.344,110.015,4,117363,2019
Take Your Man,Mahogany Lox,37,Take Your Man,54,93.4,65.8,-8.052,1,0,10.8,41.1,0.000738,8.09,0.344,110.015,4,117363,2020
SAD GIRLZ LUV MONEY Remix (feat. Kali Uchis and Moliy),Amaarae,64,SAD GIRLZ LUV MONEY Remix (feat. Kali Uchis and Moliy),7,85.9,52.5,-8.051,0,1,5.92,43.4,2.34e-05,10.8,0.312,110.066,4,204764,2021
After Party,Don Toliver,78,Heaven Or Hell,80,62.9,69.2,-8.045,1,5,3.76,0.981,0.331,60.3,0.453,162.948,4,167916,2020
Yellow Hearts (feat. Audrey Mika),Ant Saunders,52,Yellow Hearts (feat. Audrey Mika),55,81.6,40.1,-8.041,1,7,22,46.4,0,6.57,0.678,129.041,4,180672,2020
Out There,Patrick Page,44,The Hunchback of Notre Dame (Studio Cast Recording),44,25.2,46.9,-7.99,0,1,4.6,79.6,4.56e-06,7.74,0.317,171.488,4,275947,2019
All You Wanna Do,SIX,61,Six: The Musical (Studio Cast Recording),63,73.8,53.2,-7.967,0,11,18.7,30.2,0,8.55,0.596,143.991,4,410089,2019
Leave The Door Open,Bruno Mars,86,Leave The Door Open,31,58.6,61.6,-7.964,1,5,3.24,18.2,0,9.27,0.719,148.088,4,242096,2021
ROCKSTAR (feat. Roddy Ricch),DaBaby,82,BLAME IT ON BABY,80,74.6,69,-7.956,1,11,16.4,24.7,0,10.1,0.497,89.977,4,181733,2020
Leaked,Lil Tjay,79,Leaked,50,75.9,61.3,-7.91,1,7,10.5,81.6,0,8.16,0.329,97.012,4,220333,2019
Blueberry Faygo,Lil Mosey,70,Certified Hitmaker,75,77.4,55.4,-7.909,1,0,3.83,20.7,0,13.2,0.349,99.034,4,162547,2020
Lalala,Y2K,63,Lalala,75,84.3,39,-7.899,1,2,8.46,17.8,0,13.7,0.495,129.972,4,160627,2019
Lalala,Y2K,63,Lalala,75,84.3,39,-7.899,1,2,8.46,17.8,0,13.7,0.495,129.972,4,160627,2020
Stronger,Kanye West,90,Graduation,20,61.7,71.7,-7.858,0,10,15.3,0.564,0,40.8,0.49,103.992,4,311867,2020
Hot Dog!,They Might Be Giants (For Kids),50,"Minnie's Favorites (Songs from ""Mickey Mouse Clubhouse"")",29,81.8,67.4,-7.856,1,7,8.11,44.8,3.59e-06,7.74,0.926,92.614,4,148133,2019
Hello?,Clairo,75,diary 001,68,83.9,47.3,-7.835,0,10,6.07,64.1,0.000459,9.39,0.0644,98.732,4,135016,2020
What A Shame,Leyla Blue,57,What A Shame,74,69.9,46.3,-7.828,1,0,47.5,31.5,0,8.03,0.565,143.99,4,177200,2021
223's (feat. 9lokknine),YNW Melly,73,Melly vs. Melvin,66,93.2,54.7,-7.787,0,0,33.3,3.88,0,9.24,0.695,94.998,4,176640,2019
223's (feat. 9lokknine),YNW Melly,73,223's (feat. 9lokknine),65,93.2,54.7,-7.787,0,0,33.3,3.88,0,9.24,0.695,94.998,4,176640,2020
GOODMORNINGTOKYO!,TOKYO__ REVENGE,59,GOODMORNINGTOKYO!,70,90.7,53.9,-7.782,1,4,36,4.08,0,25.3,0.664,124.918,4,150115,2019
Ponteme Despalda,Nfasis,54,Ponteme Despalda,6,78,76.6,-7.72,1,0,7,1.81,0.00172,34.2,0.441,96.011,4,77049,2020
Shh,Young Fanatic,44,Shh,0,75.8,71.6,-7.703,0,4,25.3,62.2,0.000402,28.1,0.964,170.14,4,120054,2019
Calling My Phone,Lil Tjay,79,Destined 2 Win,80,90.7,39.3,-7.636,0,4,5.39,45.1,1.35e-06,13.5,0.202,104.949,4,205458,2021
Don't Lose Ur Head,SIX,61,Six: The Musical (Studio Cast Recording),66,85.9,60.5,-7.635,0,7,35.7,25.1,0,13.2,0.722,82.91,4,245303,2019
Electric Love,B_RNS,67,Dopamine,82,61.1,79.7,-7.627,0,6,5.33,0.543,0.00137,26,0.518,120.041,4,218107,2020
Electric Love,B_RNS,67,Dopamine,82,61.1,79.7,-7.627,0,6,5.33,0.543,0.00137,26,0.518,120.041,4,218107,2021
"No Guidance, Remake",Litfranse,12,"No Guidance, Remake",28,69.7,50.5,-7.595,0,1,12.1,12.1,0,25.4,0.172,93.022,4,216790,2021
They Call Me Tiago (Her Name Is Margo),Tiagz,47,They Call Me Tiago (Her Name Is Margo),57,87.8,57.8,-7.581,1,0,7.22,19.6,0.433,9.65,0.148,100.996,4,154455,2020
Skinny Legend Anthem,Ava Louise,32,Skinny Legend Anthem,50,84.5,51.8,-7.568,1,11,29.9,7.03,0,12.2,0.443,129.951,4,135993,2019
ily (i love you baby) (feat. Emilee),Surf Mesa,64,ily (i love you baby) (feat. Emilee),78,67.4,77.4,-7.567,0,11,8.92,6.86,0.00188,39.3,0.33,112.05,4,176547,2020
LMK,Lil Xxel,51,LMK,65,74.8,45.7,-7.56,1,6,4.65,2.92,0.000294,44.4,0.464,123.035,4,188293,2020
Needs,Verzache,61,Needs,68,81.3,60.1,-7.552,0,11,11.6,18.9,0.0002,42.6,0.855,118.981,4,177479,2019
Needs,Verzache,61,Needs,68,81.3,60.1,-7.552,0,11,11.6,18.9,0.0002,42.6,0.855,118.981,4,177479,2020
Shower,Becky G,81,Shower,77,69.9,52.9,-7.548,1,2,4.87,3.17,3.59e-05,28.5,0.121,119.987,4,206167,2021
Tonight You Belong To Me,Patience & Prudence,39,The Best Of Patience & Prudence,52,68,32,-7.544,0,10,2.89,95.4,0,9.48,0.769,108.07,4,115227,2019
Tonight You Belong To Me,Patience & Prudence,39,The Best Of Patience & Prudence,52,68,32,-7.544,0,10,2.89,95.4,0,9.48,0.769,108.07,4,115227,2020
Mi Pan Su Su Sum,Miel Pops,0,Mi Pan Su Su Sum,0,69.6,37.5,-7.543,1,3,49.3,27,0,26.9,0.688,101.073,4,351467,2020
Working Bitch,Ashnikko,69,"Hi, It's Me",58,92.8,39.2,-7.537,0,3,5.63,3.74,0,10.7,0.454,102.023,4,177866,2020
Crimewave,Crystal Castles,66,Crystal Castles,66,74.6,69.1,-7.533,0,4,4.03,18.4,0.0259,20.5,0.888,119.982,4,258453,2020
Trampoline,SHAED,59,MELT,64,68.9,41.2,-7.523,0,7,3.01,48.8,0.00016,6.59,0.537,126.754,4,184060,2020
Un Poco Loco,Anthony Gonzalez,55,Coco (Original Motion Picture Soundtrack),69,62,49.6,-7.509,1,7,13.3,59.7,1.36e-05,32.2,0.636,126.032,4,112205,2019
Prom Queen,Beach Bunny,70,Prom Queen,80,52.8,79.7,-7.487,1,4,4.85,0.0391,0.011,14,0.751,143.785,4,136562,2019
All I Want for Christmas Is You,Mariah Carey,76,Merry Christmas,67,33.6,62.7,-7.463,1,7,3.84,16.4,0,7.08,0.35,150.273,4,241107,2019
SLOW DANCING IN THE DARK,Joji,85,BALLADS 1,85,51.5,47.9,-7.458,1,3,2.61,54.4,0.00598,19.1,0.284,88.964,4,209274,2020
Build a Bitch,Bella Poarch,65,Build a Bitch,76,85.5,46.3,-7.454,1,3,3.67,21.7,1.77e-05,34.7,0.866,102.931,4,122773,2021
A Thousand Years,Christina Perri,70,A Thousand Years,80,42.1,40.7,-7.445,1,10,2.67,30.9,0.000961,11,0.161,139.028,3,285120,2019
Chinese New Year,SALES,61,SALES - EP,53,74.4,84.5,-7.422,0,4,25.3,75.9,0.232,10,0.749,75.221,4,160000,2019
Chinese New Year,SALES,61,Chinese New Year,66,74.4,84.5,-7.422,0,4,25.3,75.9,0.232,10,0.749,75.221,4,160000,2020
Wildest Dreams,Taylor Swift,93,1989,78,55.3,66.4,-7.417,1,8,7.41,7.09,0.0056,10.6,0.467,140.06,4,220440,2021
INDUSTRY BABY (feat. Jack Harlow),Lil Nas X,81,INDUSTRY BABY (feat. Jack Harlow),86,73.6,70.4,-7.409,0,3,6.15,2.03,0,5.01,0.894,149.995,4,212000,2021
How You Feel? (Freestyle) (feat. Lil Yachty & Ski Mask The Slump God),DJ Scheme,62,Preseason EP,54,94.9,42.5,-7.393,1,5,22.4,2.95,0,10.6,0.621,124.927,4,135023,2019
Money Trees,Kendrick Lamar,88,"good kid, m.A.A.d city",79,71.6,53.1,-7.355,1,7,12.2,7.03,0,22.4,0.344,71.994,4,386907,2020
Mad at Disney,salem ilese,66,Mad at Disney,72,73.8,62.1,-7.313,1,0,4.86,42.4,7.39e-06,69.2,0.715,113.968,4,136839,2020
Heather,Conan Gray,81,Kid Krow,86,35.7,42.5,-7.301,1,5,3.33,58.4,0,32.2,0.27,102.078,3,198040,2020
Do It,Chloe x Halle,60,Ungodly Hour,67,72.5,66.8,-7.286,0,5,5.5,9.32,2.33e-06,11.2,0.566,82.966,4,176787,2020
Just Give Me a Reason (feat. Nate Ruess),P!nk,79,The Truth About Love,80,77.8,54.7,-7.273,1,2,4.89,34.6,0.000302,13.2,0.441,95.002,4,242733,2019
To Be So Lonely,Harry Styles,91,Fine Line,73,75.8,43.6,-7.269,1,0,4.18,61.8,1.61e-05,33.5,0.605,104.959,4,192080,2020
Choices (Yup),E-40,66,Sharp on All 4 Corners: Corner 1,0,90,60.4,-7.26,0,9,33.8,15.3,0.000252,9.14,0.265,119.969,4,272720,2019
The Love Club,Lorde,76,Pure Heroine (Extended),1,79.4,49.3,-7.257,1,5,5.63,21.2,0.0133,13,0.626,92.026,4,201434,2019
Backyard Boy,Claire Rosinkranz,63,Backyard Boy (Stripped),70,81.7,63.5,-7.246,1,5,16.3,32.3,0,7.38,0.454,138.015,4,129241,2020
deja vu,Olivia Rodrigo,85,SOUR,88,44.2,61.2,-7.222,1,2,11.2,58.4,5.7e-06,37,0.178,180.917,4,215507,2021
Jalebi Baby (Tesher x Jason Derulo),Tesher,61,Jalebi Baby (Tesher x Jason Derulo),73,69.1,82.9,-7.179,1,0,4.12,2.89,0,25.4,0.866,93.059,4,169154,2021
cheatercheaterbestfriendeater,Never Shout Never,49,Harmony,49,76.8,68.3,-7.173,1,7,6.04,38.8,0,28.6,0.669,99.955,4,178144,2019
D·ª _·∫_ D·ª _i,Quang H√πng MasterD,37,D·ª _·∫_ D·ª _i,46,87.3,44.4,-7.139,1,10,4.41,75.2,0.0393,9.79,0.406,105.017,4,270048,2021
Deep End,Foushe√©,65,Deep End,68,71.1,59.2,-7.136,0,4,23,75.8,0,15.6,0.535,124.749,4,141224,2020
Gordon Ramsay,HL Wave,27,Gordon Ramsay,45,88.3,73.2,-7.133,0,10,34.3,2.07,0,19.9,0.808,74.984,4,141150,2019
Tap In,Saweetie,73,Tap In,67,95.4,69.6,-7.117,0,10,20.4,0.576,0.000498,7.54,0.432,100.036,4,139413,2020
hot girl bummer,blackbear,79,hot girl bummer,5,77.8,55.9,-7.109,0,6,7.76,12.8,0,39.9,0.678,129.989,1,185093,2019
hot girl bummer,blackbear,80,hot girl bummer,5,77.8,55.9,-7.109,0,6,7.76,12.8,0,39.9,0.678,129.989,1,185093,2021
FACK,Eminem,89,Curtain Call: The Hits (Deluxe Edition),62,84.2,60.2,-7.103,1,1,7.96,0.638,0.112,10.3,0.372,124.213,4,205760,2021
Be Kind (with Halsey),Marshmello,83,Be Kind (with Halsey),77,63,63.3,-7.088,1,4,4.57,0.776,0,5.41,0.452,93.995,4,172762,2021
The Business,Ti√´sto,82,The Business,83,79.8,62,-7.079,0,8,23.2,41.4,0.0192,11.2,0.235,120.031,4,164000,2021
_–∞_–∞_–∞,Konfuz,51,_–∞_–∞_–∞,59,92.1,52.4,-7.074,0,8,5.69,17.2,0,13.8,0.895,129.995,4,137077,2021
F2020,Avenue Beat,47,F2020,0,70.2,59.7,-7.067,1,2,20.7,58.7,3.62e-06,11.2,0.383,85.016,4,181852,2020
I'd Rather Sleep,Kero Kero Bonito,57,Intro Bonito,68,76.5,57.9,-7.051,1,10,4.96,1.07,0.362,15,0.855,142.065,4,115352,2020
One Wish,Ray J,55,Raydiation,63,52.5,65.2,-7.042,0,5,28,27.8,0,33.9,0.602,127.673,4,337640,2020
Let Me Hit It - Audiostalkers Original Mix,Sporty-O,31,Let Me Hit It,46,78.8,79.8,-7.04,1,1,14.6,0.0122,0.222,1.94,0.713,127.987,4,289001,2019
Ben 10 - Theme Song,Kids Superstars,42,"Cartoon Heroes, Vol. 5",33,73.8,79.9,-7.036,1,7,5.56,24.9,0,35,0.882,142.094,4,61466,2020
Wannabe,why mona,55,Wannabe,72,57.8,72.4,-7.02,0,6,8.65,19.2,2.38e-05,23.5,0.465,169.827,4,217412,2019
Eyes. Lips. Face.,iLL Wayno,26,Eyes. Lips. Face.,0,88,73,-7.008,1,6,18.1,3.65,6.33e-06,23.2,0.86,159.957,4,139500,2019
Be My Baby,The Ronettes,56,Presenting the Fabulous Ronettes Featuring Veronica,65,51.2,77.1,-7.006,1,4,4.02,16.8,0,8.95,0.803,129.639,4,160907,2020
Breathe,Years & Years,70,Take Shelter,62,74.6,48.6,-7.004,1,10,3.44,22.2,1.41e-06,12.3,0.417,92.057,4,233228,2020
Myron,Lil Uzi Vert,85,Eternal Atake (Deluxe) - LUV vs. The World 2,73,77.1,65.4,-6.976,0,8,29.8,5.5,0,21.4,0.573,155.047,4,224955,2020
M to the B,Millie B,40,M to the B,58,89.7,51.3,-6.973,0,10,30.9,57.1,0,10.1,0.692,139.935,4,137744,2020
It's You,Ali Gatie,70,YOU,79,73.2,46.3,-6.972,0,11,2.87,37.4,0,19.4,0.397,95.971,4,212607,2019
It's You,Ali Gatie,70,It's You,5,73.2,46.3,-6.972,0,11,2.87,37.4,0,19.4,0.397,95.971,4,212607,2019
Somebody That I Used To Know,Gotye,67,Making Mirrors (Deluxe),52,86.3,51.2,-6.955,1,0,3.63,59.9,0.000137,10.3,0.735,129.045,4,244885,2019
Infinity,Jaymes Young,71,Feel Something,86,67.1,67.3,-6.941,0,11,4.44,14.8,5.29e-05,30.4,0.494,121.963,4,237720,2021
Gimme Love,Joji,85,Nectar,65,48.4,63.2,-6.917,1,5,9.76,69.5,0.0243,20.9,0.0736,126.384,3,214558,2020
Interior Crocodile Alligator,Chip Tha Ripper,45,Interior Crocodile Alligator,45,74.2,72.7,-6.914,1,1,48.7,1.36,0,25.9,0.774,178.401,4,110253,2020
Work Out,J. Cole,84,Cole World: The Sideline Story,80,83.1,42.7,-6.903,1,2,10.6,5.31,0,30.7,0.216,93.004,4,235320,2020
Don't Wanna Fall In Love,KYLE,66,Smyle (Extended),0,48.7,61.7,-6.9,1,0,27.5,1.51,0,35.6,0.604,132.088,4,232368,2020
Heat Waves,Glass Animals,80,Heat Waves,85,76.1,52.5,-6.9,1,11,9.44,44,6.7e-06,9.21,0.531,80.87,4,238805,2021
Big And Chunky,will.i.am,72,Madagascar: Escape 2 Africa (Music From The Motion Picture),61,96.5,78.3,-6.898,0,6,9.8,14.1,0.000231,10.9,0.863,119.94,4,201640,2019
Never (feat. OMI),Marcus & Martinus,54,Moments (Deluxe),39,65.1,59.5,-6.889,1,8,17.9,27.9,0,24.1,0.816,116.92,5,190080,2021
Get Up (feat. Chamillionaire),Ciara,68,The Evolution,47,96.4,59.5,-6.887,0,1,10.9,2.48,5.14e-06,4.05,0.629,128.593,4,261880,2020
STUPID (feat. Yung Baby Tate),Ashnikko,69,"Hi, It's Me",70,77.2,63.7,-6.881,1,2,11.4,0.459,0,7.78,0.54,149.906,4,167317,2019
Crystal Dolphin,Engelwood,50,Crust FM,60,55.8,77.6,-6.868,1,9,17.9,33,0.000445,41,0.247,128.064,4,114660,2020
All I Wanna Do,Jay Park,67,EVERYTHING YOU WANTED,66,61.3,66.8,-6.867,1,8,26.7,24.5,0,7.35,0.509,96.176,4,209393,2021
Astronaut In The Ocean,Masked Wolf,68,Astronaut In The Ocean,79,77.8,69.5,-6.865,0,4,9.13,17.5,0,15,0.472,149.996,4,132780,2021
Sunday Best,Surfaces,71,Where the Light Is,77,87.8,52.5,-6.832,1,5,5.78,18.3,0,7.14,0.694,112.022,4,158571,2020
Vibin',Kesh Kesh,27,Vibin',41,68.6,80.5,-6.816,0,11,15.4,0.478,1.09e-06,8.87,0.289,130.981,4,154567,2019
Vibin',Kesh Kesh,26,Vibin',41,68.6,80.5,-6.816,0,11,15.4,0.478,1.09e-06,8.87,0.289,130.981,4,154567,2020
Stereo Love,Edward Maya,64,The Stereo Love Show,18,77.1,72.8,-6.809,1,9,3.59,1.74,0.0299,7.79,0.297,127.019,4,320637,2019
Cheating on You,Charlie Puth,83,Cheating on You,77,74.9,53.5,-6.785,1,4,3.36,1.31,3.65e-05,9.82,0.601,123.042,4,196607,2021
Round of Applause,K'ron,28,Round of Applause,44,42,65.6,-6.776,0,11,6.78,49.4,0,36,0.448,110.457,4,346436,2020
Upside Down,JVKE,71,Upside Down,65,88,50.1,-6.774,1,2,6.2,4.94,0.0695,43.6,0.459,120.038,4,114500,2021
Marlboro Nights,Lonely God,59,Marlboro Nights,0,49.7,82.5,-6.772,1,2,27.8,0.166,0.000284,36.1,0.812,87.943,4,68586,2020
I'm Gonna Show You Crazy,Bebe Rexha,76,I'm Gonna Show You Crazy,62,47.4,53.7,-6.77,1,2,6.49,7.58,0,31.6,0.335,90.103,4,207775,2019
Say So - Japanese Version,Rainych,51,Say So (Japanese Version),59,73.2,66.8,-6.768,1,2,4.44,77.5,5.23e-06,22.4,0.705,111.001,4,242327,2020
Might Be,DJ Luke Nasty,48,Might Be - Single,49,44.8,78.2,-6.766,0,9,45.8,37.8,0,11.4,0.694,74.037,4,210704,2021
Paradise,Coldplay,87,Mylo Xyloto,82,44.9,58.5,-6.761,1,5,2.68,5.09,8.75e-05,8.33,0.212,139.631,4,278719,2020
Another Day Of Sun,La La Land Cast,46,La La Land (Original Motion Picture Soundtrack),64,58.8,74.2,-6.757,1,8,5.28,1.62,3.98e-06,65.3,0.824,125.819,4,228173,2019
Another Day Of Sun,La La Land Cast,46,La La Land (Original Motion Picture Soundtrack),64,58.8,74.2,-6.757,1,8,5.28,1.62,3.98e-06,65.3,0.824,125.819,4,228173,2020
No Guidance (feat. Drake),Chris Brown,86,Indigo,79,69.6,45.4,-6.756,0,1,15.3,12.3,0,15.5,0.136,92.928,4,260640,2020
iSpy (feat. Lil Yachty),KYLE,66,iSpy (feat. Lil Yachty),72,74.6,65.3,-6.745,1,7,28.9,37.8,0,22.9,0.672,75.016,4,253107,2020
Rather Be (feat. Jess Glynne),Clean Bandit,75,Rather Be (feat. Jess Glynne),72,79.9,58.6,-6.735,1,11,3.77,16.2,2.03e-06,19.3,0.549,120.97,4,227833,2019
Violent Crimes,Kanye West,90,ye,0,66.5,41.7,-6.731,0,1,52.4,37.4,0,18.6,0.04,110.111,4,215320,2020
Walked In,Ultradiox,29,Orichalcos,42,89.1,53.8,-6.724,1,2,39.4,12.3,0,8.48,0.643,80.032,4,107404,2019
Walked In,Ultradiox,29,Walked In,41,89.1,53.8,-6.724,1,2,39.4,12.3,0,8.48,0.643,80.032,4,107404,2020
The Box,Roddy Ricch,80,Please Excuse Me for Being Antisocial,81,89.6,58.6,-6.687,0,10,5.59,10.4,0,79,0.642,116.971,4,196653,2020
Deep End Freestyle,Sleepy Hallow,77,Deep End Freestyle,64,87.6,47.9,-6.687,0,4,44,70.3,0,10.2,0.776,133.858,4,115200,2020
MONTERO (Call Me By Your Name),Lil Nas X,81,MONTERO (Call Me By Your Name),4,61,50.8,-6.682,0,8,15.2,29.7,0,38.4,0.758,178.818,4,137876,2021
WHATS POPPIN,Jack Harlow,84,Sweet Action,77,92.3,60.4,-6.671,0,11,24.5,1.7,0,27.2,0.826,145.062,4,139741,2020
Kream (feat. Tyga),Iggy Azalea,69,Survive The Summer,66,78.5,42.5,-6.665,1,10,13.7,3.35,4.36e-06,10.8,0.192,174.028,4,166627,2020
______ (DJ_),Â∞___,24,______ (DJ_),35,62.4,52.8,-6.659,1,3,7,28.4,0,5.49,0.642,179.8,4,125320,2021
Stuck with U (with Justin Bieber),Ariana Grande,87,Stuck with U,82,59.7,45,-6.658,1,8,4.18,22.3,0,38.2,0.537,178.765,3,228482,2020
Reckless,Madison Beer,71,Reckless,78,38.6,42.6,-6.642,1,3,3.63,80.7,0,14,0.261,180.104,3,203385,2021
Marlboro Nights,Lonely God,59,Marlboro Nights,75,46.6,82.3,-6.635,1,2,31.1,0.237,0.000321,33.2,0.782,175.797,4,68523,2019
Like I Can,Sam Smith,81,In The Lonely Hour,79,65.6,62.7,-6.627,0,7,3.79,34.3,2.17e-05,12.4,0.481,99.933,4,167066,2021
Toxic,BoyWithUke,76,Faded,5,59.4,61.2,-6.627,0,8,36.3,83.5,0,46.1,0.687,179.629,4,168020,2021
Something New (feat. Ty Dolla $ign),Wiz Khalifa,82,Rolling Papers 2,59,81.4,63.5,-6.609,0,7,8.09,9.35,0,8.92,0.784,87.581,4,200774,2020
All I Want,Olivia Rodrigo,85,High School Musical: The Musical: The Series (Original Soundtrack),75,37.6,43,-6.585,0,0,3.28,9.02,0,9.12,0.129,77.599,3,177323,2020
Why,Bazzi,72,COSMIC,69,67.6,67,-6.584,1,8,3.74,35.3,0,10.3,0.54,113.01,4,148260,2021
–Ø –±_–¥_ –µ–±–∞__,Moreart,46,–Ø –±_–¥_ –µ–±–∞__,64,81.1,71.2,-6.567,1,11,30.4,14.2,9.34e-05,14.8,0.497,203.918,4,141218,2021
SugarCrash!,ElyOtto,57,SugarCrash!,1,74.5,74,-6.558,1,0,9.7,53,7.37e-05,9.36,0.36,97.735,4,80118,2021
To the Bone,Pamungkas,67,Flying Solo,78,66.8,72.7,-6.55,0,7,2.7,51.4,1.9e-05,10,0.939,139.991,4,344571,2021
Dancin (feat. Luvli) - Krono Remix,Aaron Smith,64,Dancin (feat. Luvli) [Krono Remix],78,72,74.1,-6.529,0,10,2.87,10.1,1.41e-05,28.9,0.357,119.896,4,198053,2019
Do It Again,Pia Mia,61,Do It Again,73,71.2,56.4,-6.527,1,8,4.7,2.66,0,8.74,0.411,95.95,4,207747,2020
Ophelia,The Lumineers,76,Cleopatra (Deluxe),54,66.4,57.3,-6.519,1,5,2.77,61.3,0.000363,8.57,0.566,76.023,4,160097,2019
Ophelia,The Lumineers,76,Cleopatra,77,66.4,57.3,-6.519,1,5,2.77,61.3,0.000363,8.57,0.566,76.023,4,160097,2020
Need to Know,Doja Cat,88,Planet Her,85,66.4,60.9,-6.509,1,1,7.07,30.4,0,9.26,0.194,130.041,4,210560,2021
Forget Me Thots,Yung Gravy,75,Yung Gravity - EP,58,88.7,73.7,-6.489,0,6,16,24.3,4.11e-05,10.9,0.685,104.924,4,184000,2019
Love Me,Lil Wayne,85,I Am Not A Human Being II (Deluxe),70,66.9,63.4,-6.476,1,11,3.27,1.25,0,9.46,0.496,124.906,4,255053,2021
34+35,Ariana Grande,87,Positions,80,83,58.5,-6.476,1,0,9.4,23.7,0,24.8,0.485,109.978,4,173711,2021
Are You Bored Yet? (feat. Clairo),Wallows,71,Nothing Happens,79,68.2,68.3,-6.444,0,8,2.87,15.6,2.32e-05,27.3,0.64,120.023,4,178000,2020
Savage Days,Eric D,34,Savage Days,0,75.7,83.6,-6.437,0,1,6.01,0.324,0.000663,3.89,0.756,136.883,4,138312,2021
Lay All Your Love On Me,ABBA,80,ABBA Gold,72,69.5,70.1,-6.435,1,0,2.81,1.87,0.0464,25.1,0.58,133,4,272507,2020
"More Than A Woman - From ""Saturday Night Fever"" Soundtrack",Bee Gees,75,Greatest,63,63.2,68.3,-6.434,1,7,3.83,16.3,0.00013,84.7,0.701,105.955,4,197213,2020
You Right,Doja Cat,88,Planet Her,84,82.8,62.1,-6.414,1,8,5.65,1.64,0.00233,8.45,0.436,128.986,4,186173,2021
Marry Me,Rasheeda,40,Boss B*tch Music Vol. 3,41,76.9,63.7,-6.4,1,8,5.72,4.76,6.15e-05,35,0.361,79.016,4,234945,2020
My Universe,Coldplay,87,My Universe,83,58.8,70.1,-6.39,1,9,4.02,0.813,0,20,0.443,104.988,4,228000,2021
Pompeii,Bastille,75,All This Bad Blood,74,67.9,71.5,-6.383,1,9,4.07,7.55,0,27.1,0.571,127.435,4,214148,2019
Cha Cha,Freddie Dredd,72,Cha Cha,69,79.2,69.8,-6.364,1,1,17.2,48.9,0.0788,12.7,0.751,129.971,4,173938,2020
Cha Cha,Freddie Dredd,72,Cha Cha,0,70.8,69.6,-6.363,1,1,17.2,48.7,0.0718,12.8,0.743,129.96,4,173897,2019
On A Roll,Ashley O,43,On A Roll,58,73.6,81,-6.354,1,5,9.06,7.7,0,5.23,0.387,125.011,4,154448,2019
Y U Gotta B Like That,Audrey Mika,56,Y U Gotta B Like That,58,73.2,41.3,-6.353,1,9,7.02,28.7,0,5.65,0.761,92.066,4,154456,2019
Y U Gotta B Like That,Audrey Mika,56,Y U Gotta B Like That,58,73.2,41.3,-6.353,1,9,7.02,28.7,0,5.65,0.761,92.066,4,154456,2020
Young Dumb & Broke,Khalid,85,American Teen,80,79.9,53.9,-6.351,1,1,4.21,19.9,1.66e-05,16.5,0.394,136.948,4,202547,2021
Relationship (feat. Future),Young Thug,84,Beautiful Thugger Girls,69,84.2,59.7,-6.336,1,2,6.27,0.252,0,12.4,0.298,145.992,4,215307,2020
Apollo,Nightcore High,44,Apollo,61,48.3,61.1,-6.33,1,1,9.94,11.7,0,11.1,0.325,103.308,4,150340,2021
Say It Right,Nelly Furtado,74,Loose,79,87.2,87.2,-6.328,1,1,13.9,4.76,0.00112,5.43,0.809,116.948,4,223080,2020
Cherry Cola,Kuwada,47,Cherry Cola,61,77.7,63.5,-6.323,0,5,3.92,76.4,2.25e-06,15.5,0.653,138.04,4,184360,2019
Replay,Iyaz,63,Replay,75,70.6,75.1,-6.323,1,9,7.08,17.3,0,16.8,0.195,91.031,4,182307,2021
Sunshine,Ant Beale,43,No Rain No Flowers,61,76.2,62.4,-6.299,1,3,9.51,9.42,0,11.5,0.488,149.95,4,181543,2019
My Type,Saweetie,73,ICY,70,89.9,81.1,-6.294,1,2,25.8,0.0677,0,6.72,0.587,105.038,4,126446,2019
Flamingo,Kero Kero Bonito,56,Flamingo,58,78.8,49,-6.287,1,8,51.1,31.3,0,9.68,0.79,177.865,4,197528,2019
LALISA,LISA,70,LALISA,72,80.4,65.2,-6.282,1,8,8.98,2.67,0.000782,11.8,0.854,150.076,4,200690,2021
Paradise,Bazzi,72,Soul Searching,75,84.4,64.4,-6.273,0,11,4.79,8.28,0,11.3,0.591,122.061,4,169038,2021
Asshole,hooligan chase,43,Asshole,56,74.8,80.2,-6.271,1,5,11.3,59.5,0.000678,11.3,0.874,159.984,4,156078,2019
TKN (feat. Travis Scott),ROSAL_A,83,TKN (feat. Travis Scott),72,77.6,50.9,-6.266,0,0,46.7,19.2,1.49e-06,11.5,0.485,94.634,4,129371,2020
Island In The Sun,Weezer,73,Weezer (Green Album),78,65.4,81,-6.26,0,4,2.88,0.719,0.00251,16.5,0.661,114.623,4,200307,2020
Ransom,Lil Tecca,77,We Love You Tecca,78,74.5,64.2,-6.257,0,7,28.7,2.04,0,6.58,0.226,179.974,4,131240,2019
Snowman,Sia,82,Everyday Is Christmas (Deluxe Edition),74,71.6,51.2,-6.257,1,1,3.31,48.3,0,9.28,0.326,104.957,3,165907,2021
Shooting Stars,Bag Raiders,53,Bag Raiders (Deluxe),0,64.9,71.6,-6.232,1,11,4.45,8.79,0.03,8.24,0.503,124.968,4,235813,2019
Hatchback,Cochise,68,Hatchback,62,73.4,69.2,-6.227,0,2,5.55,2.21,0,22.4,0.348,77.994,4,149145,2020
Hatchback,Cochise,68,Hatchback,62,73.4,69.2,-6.227,0,2,5.55,2.21,0,22.4,0.348,77.994,4,149145,2021
L.O.V.E.,Harrison Craig,39,L.O.V.E.,51,58.8,41.2,-6.226,0,11,3.63,72,0,15.3,0.703,74.961,4,158493,2019
Never Ever Getting Rid of Me,Christopher Fitzgerald,48,Waitress (Original Broadway Cast Recording),63,62.2,54.2,-6.215,0,7,5.1,38.7,0,11.4,0.939,174.494,4,136200,2019
Selfish,Madison Beer,71,Life Support,66,37.5,46.1,-6.202,1,9,2.79,62.7,0,38.6,0.233,75.217,4,223270,2020
Walk,Comethazine,63,Bawskee,1,83.1,79.5,-6.186,1,1,26.4,22.1,0,29.1,0.744,160.063,4,96064,2019
Peaches (feat. Daniel Caesar & Giveon),Justin Bieber,90,Justice,86,67.7,69.6,-6.181,1,0,11.9,32.1,0,42,0.464,90.03,4,198082,2021
Paper Planes,M.I.A.,67,Kala,77,44.7,84.8,-6.175,1,2,22.2,3.3,7.46e-05,65,0.485,172.253,4,205200,2020
Figure It Out,Blu DeTiger,51,Figure It Out,54,74.7,55.4,-6.154,0,8,28.9,49.3,0.000425,33.2,0.585,96.988,4,164318,2020
Day 'n' Nite,Kid Cudi,81,Watch Dogs (Music from the Video Game) [Original Game Soundtrack],62,88,44.5,-6.154,0,11,6.6,51.5,4.57e-06,10.2,0.787,138.048,4,222067,2021
Lemonade,Internet Money,72,"Lemonade (feat. Gunna, Don Toliver & NAV)",76,79.9,66,-6.153,0,1,7.9,25.6,0,11.1,0.471,140.04,4,195429,2020
Panini,Lil Nas X,81,Panini,70,70.3,59.4,-6.146,0,5,7.52,34.2,0,12.3,0.475,153.848,4,114893,2019
Daisy,Ashnikko,69,DEMIDEVIL,71,83.4,66.3,-6.143,1,8,13.3,23.5,0,37.2,0.774,121.876,4,146523,2020
"Lemonade (feat. Gunna, Don Toliver & NAV)",Internet Money,72,B4 The Storm,77,80,65.8,-6.142,0,1,7.9,25,0,11.1,0.462,140.042,4,195429,2020
Wet (She Got That_),YFN Lucci,58,Wet (She Got That_),56,69.5,64.2,-6.13,0,1,19.4,23.8,0,35.9,0.316,128.022,4,209848,2020
Old Town Road,Lil Nas X,81,7 EP,76,90.7,53,-6.112,1,1,12.7,5.78,2.23e-06,10.1,0.507,135.998,4,113000,2019
Fake ID,Riton,68,Foreign Ororo (Special Edition),63,74.6,86.2,-6.11,1,8,7.76,21,0.0363,22.5,0.604,122.011,4,246970,2019
Then Leave (feat. Queendom Come),BeatKing,49,Then Leave (feat. Queendom Come),57,91.2,56.8,-6.107,1,2,47.6,6.56,0.000105,5.21,0.491,140.968,4,151520,2020
Soap,Melanie Martinez,78,Cry Baby (Deluxe Edition),73,59.5,68.9,-6.107,0,6,14.8,25.4,5.44e-06,12.9,0.213,168.112,4,209427,2021
3 Strikes,Terror Jr,47,Bop City,56,59.9,43.2,-6.097,1,5,4.51,62,0.00773,10.5,0.615,106.824,5,175777,2021
Hold On,Justin Bieber,90,Justice,78,65.8,63.4,-6.068,0,1,4.31,1.04,0,12,0.302,140.002,4,170813,2021
You Don't Know Me,Jax Jones,75,You Don't Know Me,64,87.7,65.8,-6.055,0,11,13.2,16.3,0,10.8,0.693,123.999,4,213947,2021
Mr. Clean,Yung Gravy,75,Snow Cougar,72,75.8,70.1,-6.053,1,9,16.2,68.5,6.22e-06,11.4,0.626,106.74,4,211150,2020
prom dress,mxmtoon,67,the masquerade,73,56,67.4,-6.048,1,10,4.46,69.8,0,12.3,0.421,119.942,4,197933,2019
prom dress,mxmtoon,67,the masquerade,73,56,67.4,-6.048,1,10,4.46,69.8,0,12.3,0.421,119.942,4,197933,2020
Buff Baby,tobi lou,61,tobi lou and the Loop - EP,59,73.4,76.5,-6.047,1,5,5.71,24.3,0,10.1,0.512,156.04,4,215385,2019
Walls Could Talk,Halsey,83,hopeless fountain kingdom (Deluxe),75,62.6,42.3,-6.035,1,1,5.13,12.8,0,18,0.571,95.162,4,101790,2019
Big Fun,Jon Eidson,44,Heathers: The Musical (World Premiere Cast Recording),54,86.4,68.1,-6.032,1,8,23.2,53.8,0,55.5,0.734,118.061,4,254667,2019
Like That (feat. Gucci Mane),Doja Cat,88,Hot Pink,46,87.4,48.7,-6.032,1,2,19.4,23.7,0,9.78,0.371,106.052,4,163173,2020
Co√±o,Puri,56,Co√±o,60,84.7,57.3,-6.032,1,0,25.3,0.739,0.0149,8.45,0.332,99.919,4,137595,2020
Like That (feat. Gucci Mane),Doja Cat,88,Hot Pink,75,87.9,49.8,-6.027,0,4,18,23.9,0,9.67,0.405,106.044,4,163173,2020
My Oh My (feat. DaBaby),Camila Cabello,82,Romance,75,72.4,49.1,-6.024,1,8,2.96,1.8,1.29e-05,8.87,0.383,105.046,4,170746,2020
Can't Leave 'Em Alone (feat. 50 Cent),Ciara,68,The Evolution,61,52.7,69.6,-6.015,0,1,36.1,20.9,0,5.16,0.499,100.614,4,244760,2020
Get Up (feat. Chamillionaire),Ciara,68,Step Up Soundtrack,52,94.1,63.1,-5.998,0,1,11.4,3.66,1.8e-06,3.11,0.63,128.597,4,263373,2019
Pumpkins scream in the dead of night,Savage Ga$p,59,Pumpkins scream in the dead of night,0,81.1,57.7,-5.997,1,1,43.9,14,0,8.17,0.455,171.092,4,148140,2019
Be Gone Thot!,LIL MAYO,34,Be Gone Thot!,42,92.2,45.1,-5.989,1,2,12,1.42,4.74e-05,16.9,0.457,120.045,4,73000,2019
Still Don't Know My Name,Labrinth,78,Euphoria (Original Score from the HBO Series),78,31.6,63,-5.963,1,5,11.7,47.1,0.262,20.5,0.313,89.643,1,153294,2020
FML,Arizona Zervas,66,Living Facts,0,81.6,59,-5.961,0,2,12.1,8.54,0,10.8,0.612,100.137,4,222961,2020
Dangerous,Kardinal Offishall,60,Not 4 Sale,73,94.9,79,-5.957,1,8,7.56,0.437,0,8.16,0.807,117.002,4,246053,2021
Somebody To You,The Vamps,69,Meet The Vamps,76,52.6,81.8,-5.952,1,3,3.58,5.87,0,33.3,0.896,171.96,4,185098,2021
Moskau,Dschinghis Khan,49,7 Leben,59,67.6,72.4,-5.941,0,5,3.9,6.81,9.29e-05,13.9,0.676,132.056,4,221373,2019
Smile,Lily Allen,67,"Alright, Still (Deluxe)",71,63.2,63.9,-5.938,1,5,2.59,0.143,0,22.1,0.733,95.506,4,196893,2020
Blinding Lights,The Weeknd,93,After Hours,90,51.4,73,-5.934,1,1,5.98,0.146,9.54e-05,8.97,0.334,171.005,4,200040,2020
Hey Julie! (feat. Lil Yachty),KYLE,65,Light of Mine (Deluxe),55,80.3,49.9,-5.932,1,11,30.6,3.63,3.46e-06,12.9,0.749,161.042,4,156637,2019
Bundles (feat. Taylor Girlz),Kayla Nicole,54,Bundles (feat. Taylor Girlz),67,93.9,68.2,-5.931,1,11,30.6,0.152,0,5.52,0.584,130.022,4,154806,2021
Always Forever,Cults,68,Static,80,17.4,74.2,-5.93,1,8,4.85,0.181,0.281,19.8,0.36,163.378,4,223747,2020
At My Worst,Pink Sweat$,69,The Prelude,74,81.3,41.5,-5.926,1,0,3.49,77.7,0,13.1,0.667,91.921,4,170345,2021
Hips Don't Lie (feat. Wyclef Jean),Shakira,85,"Oral Fixation, Vol. 2 (Expanded Edition)",83,77.8,82.4,-5.892,0,10,7.07,28.4,0,40.5,0.758,100.024,4,218093,2021
Mariposa,Peach Tree Rascals,60,Mariposa,74,67.6,52.5,-5.88,1,9,2.8,61.7,0,35.6,0.421,112.011,4,210000,2020
Let It Happen,Tame Impala,78,Currents,74,60.2,88.1,-5.875,0,1,4.43,0.462,0.0266,11.1,0.577,125.012,4,467587,2020
THICK (feat. Megan Thee Stallion) - Remix,DJ Chose,46,THICK (feat. Megan Thee Stallion) [Remix],52,87.7,74.7,-5.873,1,4,36.5,2.88,0,27.3,0.679,145.162,4,205296,2020
Unlock it (Lock It) - feat. Kim Petras and Jay Park,Charli XCX,77,Pop 2,63,50.4,71.1,-5.864,1,9,4.52,5.85,1.83e-05,38.2,0.5,134.824,4,232933,2021
Candy,Doja Cat,88,Amala,71,68.9,51.6,-5.857,1,8,4.44,51.3,0,16.3,0.209,124.876,4,190920,2019
Candy,Doja Cat,88,Amala,71,68.9,51.6,-5.857,1,8,4.44,51.3,0,16.3,0.209,124.876,4,190920,2020
Me Too,Meghan Trainor,74,Thank You (Deluxe Version),72,93.4,69.4,-5.849,0,11,10.1,9.71,1.2e-06,47.7,0.833,123.831,4,181240,2021
Hey Julie! (feat. Lil Yachty),KYLE,66,Hey Julie! (feat. Lil Yachty),51,80.1,50.5,-5.829,1,11,29.3,4.46,9.52e-06,12.2,0.757,161.059,4,156443,2020
broken,lovelytheband,60,finding it hard to smile,70,66.6,72.8,-5.808,1,7,4.19,0.175,4.26e-06,4.29,0.51,122.996,4,204878,2021
Because Of You,Ne-Yo,77,Because Of You,74,81,53.8,-5.784,0,0,3.56,52.8,0,9.51,0.828,109.97,4,266840,2020
Because Of You,Ne-Yo,77,Because Of You,74,81,53.8,-5.784,0,0,3.56,52.8,0,9.51,0.828,109.97,4,266840,2021
Hair (feat. Sean Paul),Little Mix,77,Get Weird (Expanded Edition),61,71.3,80.1,-5.781,1,7,4.83,0.628,1.5e-06,82.5,0.727,153.984,4,235127,2021
Party Party Party (feat. Chris Brown & Dej Loaf),DJ Carisma,30,Party Party Party (feat. Chris Brown & Dej Loaf),47,60.1,60.2,-5.763,1,7,18.3,0.376,3.34e-05,31.8,0.564,94.919,4,191340,2020
Rags to Riches,YoungBoy Never Broke Again,84,Until Death Call My Name (Reloaded),47,76.3,60.4,-5.754,1,1,11.4,8.38,0,26.1,0.18,147.893,4,116757,2020
WTF,Young Spool,3,WTF,0,81.9,79.1,-5.736,1,8,32.4,37.2,6.22e-05,47.1,0.902,172.094,4,89293,2019
Chanel,Frank Ocean,82,Chanel,78,77.6,50.3,-5.732,0,0,23.7,87.4,0,11.2,0.473,110.134,4,210285,2019
Chanel,Frank Ocean,82,Chanel,78,77.6,50.3,-5.732,0,0,23.7,87.4,0,11.2,0.473,110.134,4,210285,2020
No Idea,Don Toliver,78,Heaven Or Hell,79,65.2,63.1,-5.718,0,6,8.93,52.4,0.000579,16.5,0.35,127.998,4,154424,2020
No Idea,Don Toliver,78,No Idea,2,65.1,63.1,-5.717,0,6,8.96,51.9,0.000579,16.5,0.35,127.994,4,154424,2019
No Idea,Don Toliver,78,No Idea,2,65.1,63.1,-5.717,0,6,8.96,51.9,0.000579,16.5,0.35,127.994,4,154424,2020
Cyber Sex,Doja Cat,88,Hot Pink,71,91.7,65.7,-5.716,1,8,9.21,31.8,3.62e-06,7.54,0.818,131.03,4,165733,2020
Miss Independent,Ne-Yo,77,Year Of The Gentleman,65,66.8,67.3,-5.714,1,1,14.5,48,0,19.4,0.727,171.812,4,232000,2021
Lucky,Britney Spears,78,Oops!... I Did It Again,66,76.5,79.1,-5.707,1,8,3.17,26.2,0.000154,6.69,0.966,95.026,4,206227,2020
Freak,Doja Cat,88,Freak,72,68.8,71.6,-5.702,1,7,3.85,9.69,0,9.89,0.373,116.912,3,284480,2020
abcdefu,GAYLE,71,abcdefu,87,69.5,54,-5.692,1,4,4.93,29.9,0,36.7,0.415,121.932,4,168602,2021
Hungry Hippo,Tierra Whack,58,Whack World,57,89.3,61,-5.691,0,4,4.88,2.27,0.00744,10.2,0.778,136.64,4,60000,2019
Hungry Hippo,Tierra Whack,58,Whack World,57,89.3,61,-5.691,0,4,4.88,2.27,0.00744,10.2,0.778,136.64,4,60000,2020
GOOBA,6ix9ine,71,GOOBA,7,61.1,68.8,-5.688,1,1,34.1,2.64,0,25.1,0.393,178.462,4,132303,2020
____µ„______∑„__,_©Ë__∑„__º„_,53,Utamonogatari Special Edition (Original Soundtrack),65,81.4,78.5,-5.679,0,1,3.96,5.24,0.00111,11.1,0.941,120.009,4,255040,2019
motive (with Doja Cat),Ariana Grande,87,Positions,79,78.9,74.2,-5.664,0,10,6.52,6.81,0,16.6,0.661,116.965,4,167990,2021
MICKEY,Lil Yachty,75,Lil Boat 2,54,97.1,46.5,-5.655,1,1,23,2.95,0,9.7,0.131,119.994,4,160518,2019
Low (feat. T-Pain),Flo Rida,77,Mail on Sunday,80,91.8,60.9,-5.64,0,10,7.91,9.28,0,13.9,0.304,128.008,4,231400,2019
Low (feat. T-Pain),Flo Rida,77,Mail on Sunday,80,91.8,60.9,-5.64,0,10,7.91,9.28,0,13.9,0.304,128.008,4,231400,2021
Let's Do It Again,J Boog,57,Backyard Boogie,65,63.1,69.6,-5.631,0,0,21.1,57.8,0,7.84,0.927,173.537,4,192177,2020
You Need To Calm Down,Taylor Swift,93,Lover,76,77.1,67.1,-5.617,1,2,5.53,0.929,0,6.37,0.714,85.026,4,171360,2019
ROXANNE,Arizona Zervas,66,ROXANNE,78,62.1,60.1,-5.616,0,6,14.8,5.22,0,46,0.457,116.735,5,163636,2019
ROXANNE,Arizona Zervas,66,ROXANNE,78,62.1,60.1,-5.616,0,6,14.8,5.22,0,46,0.457,116.735,5,163636,2020
Rodeo,Lil Nas X,81,7 EP,68,70.6,67.9,-5.614,1,9,3.24,13.9,6.98e-05,46.5,0.657,140.081,4,158707,2020
Indigo,88rising,68,Indigo,52,81.9,66.4,-5.612,1,7,8.28,9.58,1.75e-06,26.3,0.71,144.988,4,173473,2019
Savage,Megan Thee Stallion,82,Suga,70,84.3,74.1,-5.609,1,11,33.4,2.52,0,9.6,0.68,168.983,4,155497,2020
Style,Taylor Swift,93,1989 (Deluxe),79,58.8,79.1,-5.595,1,7,4.02,0.245,0.00258,11.8,0.487,94.933,4,231000,2021
Ghost,Justin Bieber,90,Justice,89,60.1,74.1,-5.569,1,2,4.78,18.5,2.91e-05,41.5,0.441,153.96,4,153190,2021
Obsessed,Mariah Carey,76,Memoirs of an imperfect Angel (International Version),68,74.2,46.8,-5.557,0,10,6.25,4.65,0,82.6,0.369,86.443,4,242200,2019
Calabria 2008,Enur,51,Raggatronic,54,89.1,65.7,-5.552,0,10,16.5,0.833,0.0026,5.4,0.453,125.995,4,230657,2020
To the Right,Devour,46,Different,38,94.6,67.1,-5.534,1,0,7.24,20.4,0,17.8,0.731,100.013,4,164880,2020
Ain't Your Mama,Jennifer Lopez,75,Ain't Your Mama,71,75.7,67.8,-5.529,0,8,23.3,4.72,9.14e-06,6.54,0.82,120.075,4,218235,2021
Maps,Maroon 5,85,V (Asia Tour Edition),68,74.2,71.3,-5.522,0,1,3.03,2.05,0,5.9,0.879,120.032,4,189960,2021
Myself,Bazzi,72,COSMIC,67,74.5,56.1,-5.513,0,9,7.2,46.5,1.12e-06,3.38,0.902,195.918,4,167553,2019
Whatcha Say,Jason Derulo,80,Jason Derulo (Deluxe Audio),59,61.5,71.1,-5.507,1,11,7.79,4.44,0,14.5,0.711,144.036,4,221253,2020
Panda,Desiigner,63,Panda,67,68.5,73.1,-5.503,0,10,41.4,2.92,0,36.9,0.266,145.245,4,247867,2021
Save Your Tears,The Weeknd,93,After Hours,88,68,82.6,-5.487,1,0,3.09,2.12,1.24e-05,54.3,0.644,118.051,4,215627,2020
Save Your Tears,The Weeknd,93,After Hours,88,68,82.6,-5.487,1,0,3.09,2.12,1.24e-05,54.3,0.644,118.051,4,215627,2021
"Legs (From ""RuPaul's Drag Race 8"")",Lucian Piane,32,"Legs (From ""RuPaul's Drag Race 8"")",44,90,72,-5.486,0,5,23.2,0.502,6.26e-06,54.3,0.749,122.994,4,106364,2019
Roses - Imanbek Remix,SAINt JHN,70,Roses (Imanbek Remix),81,77,72.4,-5.484,1,8,4.95,1.67,0.0107,35.3,0.898,121.975,4,176840,2020
STAY (with Justin Bieber),The Kid LAROI,83,STAY (with Justin Bieber),89,59.1,76.4,-5.484,1,1,4.83,3.83,0,10.3,0.478,169.928,4,141806,2021
Confident,Justin Bieber,90,Journals,65,73.8,56.3,-5.467,0,5,11,11.3,0,19.1,0.876,134.132,4,248133,2020
Maniac,Conan Gray,81,Kid Krow,81,62.8,63.9,-5.46,1,8,4.35,0.162,0,35.4,0.493,108.045,4,185773,2021
C'Mon,Kesha,76,Warrior (Expanded Edition),61,55.8,78.1,-5.448,0,1,9.63,0.657,0.00144,10.2,0.286,126.025,4,214307,2019
Cartier,Dopebwoy,62,Cartier,56,84.9,77.8,-5.443,1,0,21.7,3.58,1.43e-06,12.6,0.634,126.842,4,232422,2019
Midnight City,M83,69,"Hurry Up, We're Dreaming",0,50.7,72.9,-5.399,0,11,3.93,1.82,1.4e-06,6.58,0.272,105.013,4,243960,2019
Up (feat. Demi Lovato),Olly Murs,65,Never Been Better (Expanded Edition),70,69.2,83.1,-5.389,1,9,3.4,1.46,0,10.3,0.676,114.972,4,224294,2021
Hard Times,Paramore,75,After Laughter,73,69.5,81.8,-5.379,0,5,3.34,0.647,4.87e-06,2.19,0.916,119.965,4,182693,2020
Producer Man,Lyn Lapid,61,Producer Man,62,66,63.9,-5.364,0,10,22.3,12.9,0,25.6,0.75,173.994,4,141673,2020
It's The Hard-Knock Life,Quvenzhan√© Wallis,45,Annie (Original Motion Picture Soundtrack),53,73.8,84.1,-5.352,1,9,9.24,4.52,0.0105,3,0.836,163.913,4,130467,2019
Toy,Netta,51,Toy,64,78.6,71.2,-5.349,0,3,6.78,7.06,0,23.6,0.795,130.144,4,180231,2020
Magic In The Hamptons (feat. Lil Yachty),Social House,64,Magic In The Hamptons (feat. Lil Yachty),75,76.9,47.9,-5.339,1,1,3.85,66,0,9.14,0.803,96.051,4,164640,2020
Middle,DJ Snake,77,Encore,75,58.3,69.5,-5.336,1,9,4.23,1.41,0,5.27,0.224,104.879,4,220573,2021
Here's Your Perfect,Jamie Miller,65,Here's Your Perfect,77,55.8,45.4,-5.335,1,6,5.51,49.9,0,14.6,0.424,113.12,4,158594,2021
Permission to Dance,BTS,91,Butter / Permission to Dance,11,70.2,74.1,-5.33,1,9,4.27,0.544,0,33.7,0.646,124.925,4,187585,2021
Banana (feat. Shaggy) - DJ FLe - Minisiren Remix,Conkarah,53,Banana (feat. Shaggy) [DJ FLe - Minisiren Remix],65,82.4,85.4,-5.312,1,8,17.7,1.6,4.95e-05,11.7,0.896,95.114,4,210329,2020
Kill the Director,The Wombats,65,"Proudly Present... A Guide to Love, Loss & Desperation",64,41,85.8,-5.295,0,1,4.85,0.347,0,8.97,0.962,161.487,4,161560,2019
Criminal,Britney Spears,78,Femme Fatale (Deluxe Version),71,69.6,73.4,-5.294,1,7,2.98,4.85,0,18.3,0.711,107.987,4,225080,2019
Take It Off,Kesha,76,Animal (Expanded Edition),69,72.9,67.5,-5.292,0,5,2.86,0.00414,0.00126,8.67,0.74,125.036,4,215200,2020
Wait a Minute!,WILLOW,76,ARDIPITHECUS,86,76.4,70.5,-5.279,0,3,2.78,3.71,1.94e-05,9.43,0.672,101.003,4,196520,2019
Wait a Minute!,WILLOW,76,ARDIPITHECUS,86,76.4,70.5,-5.279,0,3,2.78,3.71,1.94e-05,9.43,0.672,101.003,4,196520,2020
Please Mr. Postman - Single Version / Mono,The Marvelettes,49,Please Mr. Postman,64,78.5,77.6,-5.259,1,2,3.12,72.9,0,18.1,0.967,121.505,4,148040,2020
Best Friend,Rex Orange County,79,Best Friend,79,57.5,71.4,-5.247,1,6,5.96,39.5,0,11.5,0.32,144.982,4,262231,2019
Baby,Justin Bieber,90,My World 2.0,81,72.8,85.9,-5.237,0,5,13.7,4.01,0,11.1,0.535,65.043,4,214240,2021
Desperado,Rihanna,87,ANTI (Deluxe),72,68.5,61,-5.221,0,0,4.39,32.3,0,10.2,0.323,94.384,3,186467,2020
Butter,BTS,91,"Butter (Hotter, Sweeter, Cooler)",15,75.9,45.9,-5.187,1,8,9.48,0.323,0,9.06,0.695,109.997,4,164442,2021
Life Goes On,Oliver Tree,70,"Ugly is Beautiful: Shorter, Thicker & Uglier (Deluxe)",80,70,49,-5.187,1,0,7.6,18.6,0,11.7,0.569,79.982,4,161803,2021
"Go Loko (feat. Tyga, Jon Z)",YG,75,4REAL 4REAL,67,88,67,-5.177,1,2,4.68,32.5,4.17e-06,6.62,0.131,101.008,4,299227,2019
Glitter,BENEE,67,FIRE ON MARZZ,66,80.1,58.9,-5.157,1,7,4.85,8.63,0,16.2,0.58,116.934,4,180147,2020
Beggin (original version),Madcon,61,So Dark The Con Of Man,70,71.5,80,-5.144,0,4,5.7,2.71,0,6.48,0.445,129.023,4,216147,2019
Desce Pro Play (PA PA PA),ZAAC,60,Desce Pro Play (PA PA PA),64,93.5,71,-5.085,0,11,15.8,7.69,1.92e-06,17.3,0.635,100.009,4,168507,2021
Hokus Pokus,Insane Clown Posse,63,The Great Milenko,62,87,84.1,-5.084,0,11,9.48,1.93,7.71e-05,33.3,0.857,92.176,4,261173,2019
Play Date,Melanie Martinez,78,Cry Baby (Deluxe Edition),78,68,72.9,-5.077,1,5,4.75,61.2,0,22.4,0.446,123.97,4,179867,2020
Play Date,Melanie Martinez,78,Cry Baby (Deluxe Edition),78,68,72.9,-5.077,1,5,4.75,61.2,0,22.4,0.446,123.97,4,179867,2021
good 4 u,Olivia Rodrigo,85,good 4 u,27,55.6,66.1,-5.052,0,6,20.4,30,0,10.1,0.668,168.56,4,178148,2021
I Don't Care (with Justin Bieber),Ed Sheeran,90,I Don't Care (with Justin Bieber),78,79.8,67.5,-5.041,1,6,4.42,9.12,0,8.94,0.842,101.956,4,219947,2019
Hurts So Good,Astrid S,66,Astrid S,68,67.5,60.9,-5.027,0,7,5.86,8.4,0,9.57,0.378,120.039,4,208729,2020
INFERNO,Sub Urban,67,INFERNO,71,82,61.1,-5.02,0,9,12.2,7.66,2.5e-05,6.84,0.637,127.883,4,133134,2021
"King's Dead (with Kendrick Lamar, Future & James Blake)",Jay Rock,70,"King's Dead (with Kendrick Lamar, Future & James Blake)",71,64.5,70.5,-5.008,1,1,29.9,0.0813,0,12.8,0.376,137.133,4,229670,2020
CITY OF ANGELS,24kGoldn,74,DROPPED OUTTA COLLEGE,72,68.6,54.1,-4.993,0,0,4.93,4.2,0,6.75,0.724,120.082,4,112493,2020
This Could Be Us,Rae Sremmurd,72,SremmLife,78,73.2,69,-4.992,0,0,13.4,29.1,0,11.6,0.758,143.072,4,206307,2019
Can't Stop Singing,Ross Lynch,62,Teen Beach Movie,59,51.3,69,-4.986,1,0,3.41,51,0,10.2,0.777,96.881,4,145920,2019
Can't Stop Singing,Ross Lynch,62,Teen Beach Movie,60,51.3,69,-4.986,1,0,3.41,51,0,10.2,0.777,96.881,4,145920,2020
Wasabi,Little Mix,77,LM5 (Deluxe),66,84.7,65.6,-4.976,1,2,11.5,0.451,0.000854,14.3,0.234,114.001,4,154787,2019
Wasabi,Little Mix,77,LM5 (Deluxe),66,84.7,65.6,-4.976,1,2,11.5,0.451,0.000854,14.3,0.234,114.001,4,154787,2020
Walk Man,Tiny Meat Gang,52,Walk Man,59,92.8,69.6,-4.972,0,4,8.66,33.1,0.000119,12.1,0.396,94.994,4,165938,2019
Walk Man,Tiny Meat Gang,52,Walk Man,59,92.8,69.6,-4.972,0,4,8.66,33.1,0.000119,12.1,0.396,94.994,4,165938,2020
_æÂ_§ß__µ¶‰Ω__ (OPPO Reno ÂÆ£Â__),Ryan.B,46,_æÂ_§ß__µ¶‰Ω__ (OPPO Reno ÂÆ£Â__),54,70.4,57.6,-4.962,1,8,9.67,65.4,0,8.65,0.921,206.072,4,178720,2021
Plastic Hearts,Miley Cyrus,81,Plastic Hearts,70,55.1,75.6,-4.948,1,2,6.52,5.11,0,7.65,0.618,175.984,4,205733,2020
All The Stars (with SZA),Kendrick Lamar,88,Black Panther The Album Music From And Inspired By,82,69.8,63.3,-4.946,1,8,5.97,6.05,0.000194,9.26,0.552,96.924,4,232187,2020
The Weekend - Funk Wav Remix,SZA,82,The Weekend (Funk Wav Remix),73,77.5,57.3,-4.933,1,11,5.85,49.5,0,12.6,0.667,101.925,4,171806,2019
I Can't Decide,Scissor Sisters,61,Ta Dah,58,69,80.7,-4.912,1,3,3.26,23.9,0,20.5,0.869,96.991,4,166573,2019
Cash Shit (feat. DaBaby),Megan Thee Stallion,82,Fever,67,92.1,63.5,-4.904,1,1,41.6,2.18,0,9.46,0.549,130.028,4,192540,2019
We R Who We R,Kesha,76,Cannibal (Expanded Edition),72,73.6,81.7,-4.9,1,8,4.07,0.987,0.00167,11.7,0.653,119.95,4,204760,2019
We R Who We R,Kesha,76,Cannibal (Expanded Edition),72,73.6,81.7,-4.9,1,8,4.07,0.987,0.00167,11.7,0.653,119.95,4,204760,2020
Womp Womp,Valee,46,Womp Womp,56,87.7,55.8,-4.896,1,1,34.2,6.6,0,7.45,0.493,157.027,4,226533,2019
OUT WEST (feat. Young Thug),JACKBOYS,65,JACKBOYS,77,80.2,59.1,-4.895,1,8,22.5,1.04,0,19.6,0.309,139.864,4,157712,2020
Only The Young - Featured in Miss Americana,Taylor Swift,93,Only The Young (Featured in Miss Americana),64,56,78,-4.895,0,5,5.17,0.244,0,7.14,0.602,93.516,4,157507,2020
Lost,Frank Ocean,82,channel ORANGE,84,91.3,60.3,-4.892,1,8,22.6,2.72,0.000503,16.7,0.497,123.061,4,234093,2020
Beggin',Madcon,61,Conquest,61,71.5,79.6,-4.889,0,4,5.34,2.84,0,6.58,0.431,129.04,4,218707,2020
Safe And Sound,Capital Cities,66,In A Tidal Wave Of Mystery (Deluxe Edition),82,65.5,81.9,-4.852,1,0,3.16,0.0176,0.00374,10.4,0.766,117.956,5,192790,2021
The Muffin Song (asdfmovie),The Gregory Brothers,61,The Muffin Song (asdfmovie),59,91.1,84.2,-4.845,1,10,9.22,20.5,1.48e-05,11.5,0.578,112.016,4,187046,2019
VALENTINO,24kGoldn,74,DROPPED OUTTA COLLEGE,72,74.6,71.7,-4.841,0,9,17.9,19.9,0,13.2,0.523,150.964,4,179133,2019
VALENTINO,24kGoldn,74,DROPPED OUTTA COLLEGE,72,74.6,71.7,-4.841,0,9,17.9,19.9,0,13.2,0.523,150.964,4,179133,2020
Chucky Cheese,MadeinTYO,62,"Sincerely, Tokyo",55,89,54.2,-4.826,0,10,31.4,52.3,0,12.3,0.565,78.458,4,165293,2019
Beggin',M√•neskin,78,Chosen,86,71.4,80,-4.808,0,11,5.04,12.7,0,35.9,0.589,134.002,4,211560,2021
Bad Boy,Yung Bae,57,Bad Boy,62,86.1,82,-4.807,0,1,7.28,3.2,4.76e-06,7.06,0.781,118.04,4,187571,2020
Die Young,Kesha,76,Warrior (Expanded Edition),78,71.1,70,-4.805,0,1,4.6,0.498,0.000125,21.5,0.801,128.001,4,211920,2021
No More ?'s,Eazy-E,64,Eazy-Duz-It,69,93.5,80.5,-4.782,1,7,22.5,1.43,1.53e-06,29.8,0.624,105.641,4,234360,2019
My Ordinary Life,The Living Tombstone,69,My Ordinary Life,79,64.8,82.7,-4.78,0,9,4.2,0.533,0.338,21.7,0.598,176.005,4,230895,2020
Savage Remix (feat. Beyonc√©),Megan Thee Stallion,82,Savage Remix (feat. Beyonc√©),67,82.2,74.3,-4.772,0,10,28,1.6,0,12.7,0.636,84.459,4,242001,2020
positions,Ariana Grande,87,Positions,85,73.7,80.2,-4.771,1,0,8.78,46.8,0,9.31,0.682,144.015,4,172325,2021
Disco Inferno,50 Cent,82,The Massacre,73,92.5,65.9,-4.763,1,3,23.1,20.6,7.88e-05,27.9,0.71,97.018,4,214227,2020
True Love (feat. Lily Allen),P!nk,79,The Truth About Love,71,45.7,82.3,-4.76,1,9,31.1,0.144,0,10.8,0.578,192.205,4,230733,2021
A.M.,Lonr.,44,A.M.,51,74,76.1,-4.753,0,0,8.51,6.91,0,14.2,0.453,146.144,4,164935,2019
Pumped Up Kicks,Madism,66,Pumped Up Kicks,75,66.9,68.7,-4.753,1,0,4.3,15.2,1.6e-05,30.8,0.386,123.903,4,145161,2021
Good Form (feat. Lil Wayne) - Remix,Nicki Minaj,85,Queen (Deluxe),64,89.8,73.3,-4.75,1,7,17.8,5.33,0.000115,10.2,0.295,96.51,4,237493,2020
Supalonely (feat. Gus Dapperton),BENEE,67,Hey u x,63,86.2,63.1,-4.746,1,7,5.15,29.1,0.000209,12.3,0.841,128.978,4,223488,2020
Leave Em Alone,Quality Control,65,Leave Em Alone,59,51.7,74.7,-4.74,0,6,29.6,1.89,7.35e-06,8.21,0.506,102.033,4,171980,2020
Sweet but Psycho,Ava Max,79,Heaven & Hell,80,72,70.6,-4.719,1,1,4.73,6.84,0,16.6,0.62,133.002,4,187436,2021
Act Up,City Girls,67,Girl Code,67,93.8,63.8,-4.713,1,8,18.9,1.67,0,11.1,0.313,97.075,4,158332,2019
edamame (feat. Rich Brian),bbno$,72,edamame (feat. Rich Brian),77,81.5,84.8,-4.704,0,4,11.5,2.3,0.000162,2.65,0.684,106.032,4,133707,2021
Dinero,Trinidad Cardona,63,Dinero,73,70.8,78.2,-4.687,1,2,6.74,0.772,0,10.7,0.484,119.997,4,160880,2021
Classic,MKTO,66,MKTO,64,72,79,-4.686,1,1,12.5,3.83,0,15.6,0.755,102.068,4,175427,2021
Video Games,The Young Professionals,41,Remixes & Covers,43,56.5,89.3,-4.683,0,4,3.76,3.03,0,5.61,0.352,141.957,4,228706,2019
Cannibal,Kesha,76,Cannibal (Expanded Edition),66,71,68,-4.676,1,1,10.6,0.78,0.0165,4.93,0.571,129.971,4,194253,2020
Take You To Hell,Ava Max,79,Heaven & Hell,63,50.1,68.2,-4.664,0,0,6.84,13.5,0,14.5,0.503,173.926,4,164537,2021
"Galactic Mermaid (From ""Carole & Tuesday"")",Kuraiinu,42,"Galactic Mermaid (From ""Carole & Tuesday"")",0,62.1,44.6,-4.653,1,7,3.84,73.6,0,61.3,0.97,108.727,4,45424,2019
Save Your Tears (with Ariana Grande) (Remix),The Weeknd,93,Save Your Tears (Remix),84,65,82.5,-4.645,1,0,3.25,2.15,2.44e-05,9.36,0.593,118.091,4,191014,2021
Say So (feat. Nicki Minaj),Doja Cat,88,Say So (feat. Nicki Minaj),65,85.6,64.1,-4.64,0,11,20.4,11.9,4.97e-06,42.7,0.745,111.004,4,206221,2020
Poker Face,Lady Gaga,84,The Fame Monster (International Deluxe),44,85.1,80.6,-4.618,1,4,7.88,12,1.39e-06,12.2,0.775,119.002,4,237200,2019
successful,Ariana Grande,87,Sweetener,65,84.7,60.3,-4.607,0,0,3.97,10.7,7.4e-06,10.6,0.735,114.045,4,227387,2019
GUY.exe,Superfruit,59,Future Friends,76,77,73.2,-4.601,0,4,5.08,3.05,0,15.7,0.889,110.011,4,222680,2021
Boss Bitch,Doja Cat,88,Boss Bitch,78,70.7,95.5,-4.593,0,10,22.2,12.7,0,20.2,0.575,125.989,4,134240,2020
Way Back Home,SHAUN,60,Take,71,74.5,73.9,-4.591,1,10,3.27,40.5,0.000183,12.7,0.556,99.913,4,214137,2021
Say So,Doja Cat,88,Hot Pink,80,78.7,67.3,-4.583,0,11,15.9,26.4,3.35e-06,9.04,0.779,110.962,4,237893,2019
Say So,Doja Cat,88,Hot Pink,80,78.7,67.3,-4.583,0,11,15.9,26.4,3.35e-06,9.04,0.779,110.962,4,237893,2020
Say So,Doja Cat,88,Hot Pink,80,78.7,67.3,-4.583,0,11,15.9,26.4,3.35e-06,9.04,0.779,110.962,4,237893,2021
Teenage Dream,Katy Perry,83,Teenage Dream,70,71.9,79.8,-4.582,1,10,3.61,1.62,2.34e-06,13.4,0.591,120.011,4,227741,2021
2 Ph√∫t H∆°n - KAIZ Remix,Ph√°o,46,2 Ph√∫t H∆°n (KAIZ Remix),62,84.5,73.3,-4.581,1,9,5.66,2.65,0.0109,6.3,0.28,128.016,4,183832,2021
So Big,Iyaz,63,Replay,52,69.7,68.8,-4.551,1,6,3.62,29,0,30.8,0.666,121.962,4,199920,2021
Give Love,AKMU,57,PLAY,61,79.3,70.6,-4.536,1,5,6.95,33.2,0,7.52,0.839,95.992,4,176532,2021
Don't Start Now,Dua Lipa,88,Don't Start Now,79,79.4,79.3,-4.521,0,11,8.42,1.25,0,9.52,0.677,123.941,4,183290,2020
Disturbia,Rihanna,87,Good Girl Gone Bad: Reloaded,76,70.7,81.3,-4.515,0,11,5.71,8.63,0,16.8,0.722,124.921,4,238627,2019
THATS WHAT I WANT,Lil Nas X,81,MONTERO,88,73.7,84.6,-4.51,0,1,22,0.614,0,4.86,0.546,87.981,4,143901,2021
Monster,Lady Gaga,84,The Fame Monster (Deluxe Edition),61,69.4,80.1,-4.503,0,9,4.41,0.124,0,47.9,0.646,119.969,4,249280,2020
Steppin',Supa Dupa Humble,38,Steppin',55,85,58,-4.502,1,1,10.4,0.0404,0.0821,7.14,0.12,160.055,4,145253,2019
We Found Love,Rihanna,87,Talk That Talk,77,73.4,76.6,-4.485,1,1,3.83,2.5,0.00138,10.8,0.6,127.986,4,215227,2021
sex,EDEN,63,i think you think too much of me,65,41.3,52.1,-4.469,1,9,4.66,16.2,0,32.3,0.532,103.391,4,218808,2019
Favorite Girl,Justin Bieber,90,My World,72,58.1,68.1,-4.469,1,7,4.35,4.72,0,10.4,0.634,176.034,4,256800,2021
Make You Mine,PUBLIC,61,Make You Mine,77,60.6,79.9,-4.452,1,9,2.61,1.28,0,15,0.638,103.014,4,232907,2019
Make You Mine,PUBLIC,61,Make You Mine,77,60.6,79.9,-4.452,1,9,2.61,1.28,0,15,0.638,103.014,4,232907,2020
Mr. Sandman,The Chordettes,52,The Chordettes,50,62.6,53.5,-4.441,1,9,4.43,85,0,5.61,0.671,108.804,4,144200,2019
You Belong With Me,Taylor Swift,93,Fearless (Big Machine Radio Release Special),72,68.7,74.5,-4.432,1,6,3.79,17.8,1.59e-05,11.1,0.435,129.966,4,232120,2019
La La La,Naughty Boy,60,La La La,58,75.4,67.7,-4.399,0,6,3.16,11.2,0,11.1,0.254,124.988,4,220779,2020
Buttons,The Pussycat Dolls,68,PCD,65,57,82.1,-4.38,1,2,26.7,17.8,0,28.9,0.408,210.857,4,225560,2020
Say Hey (I Love You),Michael Franti & Spearhead,58,All Rebel Rockers,0,73.8,98.3,-4.374,0,5,8.55,3.8,5.93e-06,18.3,0.957,92.998,4,235760,2019
Babylon,Lady Gaga,84,Chromatica,64,69.8,79.9,-4.372,1,2,3.42,1.29,5.46e-06,21.5,0.351,115.957,4,161733,2020
Know Me Too Well,New Hope Club,56,Know Me Too Well,59,75,69.8,-4.371,0,1,3.88,42.7,0,6.54,0.834,122.954,4,200013,2021
Oh No I Got a Disease,Buss Crew,11,Oh No I Got a Disease,26,64.9,73.5,-4.365,0,10,73,14.6,0,12.4,0.845,86.704,5,134769,2019
Title,Meghan Trainor,74,Title (Deluxe),73,77.9,75.4,-4.358,1,5,9.66,34.3,2.6e-06,9.65,0.883,89.998,4,174733,2021
Hall of Fame (feat. will.i.am),The Script,72,#3 Deluxe Version,78,42.1,87.3,-4.343,1,10,5.64,6.54,0,12.3,0.629,84.786,4,202533,2019
All About Cake (feat. Coi Leray & Kaash Paige),KyleYouMadeThat,37,All About Cake,30,90.5,52.1,-4.318,1,1,44.3,21.3,3.87e-05,17.5,0.533,131.115,4,179871,2020
Something For Your M.I.N.D.,Superorganism,52,Superorganism,58,69.8,54.2,-4.317,1,2,13.1,13.2,0.00117,19.9,0.664,140.096,4,165391,2020
Crisis,Jasiah,62,Crisis,59,76,79.4,-4.311,0,10,34.4,26.3,0.00324,9.96,0.583,165.99,4,109595,2020
Se Acab√≥ la Cuarentena,Jowell & Randy,69,Viva el Perreo,62,88.6,60.5,-4.311,1,6,10.9,0.127,0.0167,7.67,0.646,122.052,4,166971,2021
Love Story (Taylor__ Version),Taylor Swift,93,Love Story (Taylor__ Version),73,62.6,79,-4.302,1,2,3.11,13.5,3.97e-06,9.89,0.416,119.082,4,235767,2020
Boys,Lizzo,81,Cuz I Love You (Deluxe),40,89.2,58.8,-4.287,0,1,11,0.319,0.000162,4.98,0.753,120.042,4,172630,2019
Check It Out,will.i.am,72,Pink Friday (Complete Edition),53,84.8,69.4,-4.272,1,1,5.72,4.93,1.15e-05,10.5,0.728,130.075,4,251013,2020
Ride It,Regard,71,Ride It,81,88,75.1,-4.258,0,7,8.74,17.7,6.43e-05,10.6,0.884,117.948,4,157606,2019
Ride It,Regard,71,Ride It,81,88,75.1,-4.258,0,7,8.74,17.7,6.43e-05,10.6,0.884,117.948,4,157606,2020
Take You Dancing,Jason Derulo,80,Take You Dancing,79,78.9,71.1,-4.248,1,2,4.1,3.32,0,8.76,0.753,112.985,4,190306,2021
Obnimi (Remix),Okean Elzi,46,Obnimi (Remix),64,71.4,84.5,-4.234,0,7,8.56,19.9,0.00762,37.2,0.51,75.985,4,229671,2020
Every Summertime,NIKI,75,Every Summertime,81,62.8,67.6,-4.227,1,6,4.24,39.3,6.94e-05,9.78,0.723,78.996,4,215687,2021
Love Tonight - David Guetta Remix Edit,Shouse,71,Love Tonight (David Guetta Remix),81,62.1,98.9,-4.225,0,10,4.34,1.5,0.357,18.4,0.0348,126.002,4,158095,2021
Watermelon Sugar,Harry Styles,91,Watermelon Sugar,27,54.8,81.6,-4.209,1,0,4.65,12.2,0,33.5,0.557,95.39,4,174000,2020
Woman,Doja Cat,88,Planet Her,89,82.4,76.4,-4.175,0,5,8.54,8.88,0.00294,11.7,0.881,107.998,4,172627,2021
Eenie Meenie,Sean Kingston,69,Eenie Meenie,74,72,60.7,-4.168,1,1,3.22,5.43,0,11.3,0.828,121.223,4,201947,2019
Eenie Meenie,Sean Kingston,69,Eenie Meenie,74,72,60.7,-4.168,1,1,3.22,5.43,0,11.3,0.828,121.223,4,201947,2021
Mr. Saxobeat - Radio Edit,Alexandra Stan,61,Sundown (Original Motion Picture Soundtrack),0,72,92.5,-4.165,0,4,5.11,2.76,0.000238,14,0.781,127.004,4,195105,2019
The Show,Lenka,51,Lenka (Expanded Edition),57,75.3,59,-4.144,1,0,3.17,25.9,0,8.36,0.593,123.028,4,235693,2021
Get Busy,Sean Paul,79,Dutty Rock,74,73.5,82.4,-4.143,0,10,3.6,61.5,0,15.8,0.726,100.202,4,211666,2020
Insomnia,Craig David,65,Rewind - The Collection,59,62,88.4,-4.127,1,1,4.41,0.595,1.1e-06,20.1,0.594,125.39,4,207307,2021
Outside (feat. Ellie Goulding),Calvin Harris,86,Motion,78,64.6,82.3,-4.123,0,2,3.94,21.3,0,32.2,0.418,128.035,4,227267,2020
Into Your Arms (feat. Ava Max),Witt Lowry,62,Into Your Arms (feat. Ava Max),77,50.4,78.8,-4.113,0,3,21.5,1.34,0,36.3,0.228,170.039,4,186022,2021
Opaul,Freddie Dredd,72,Opaul,63,82.2,87.1,-4.095,1,1,21.4,0.567,0.391,10.1,0.648,145.062,4,140527,2020
The Less I Know The Better,Tame Impala,78,Currents,84,64,74,-4.083,1,4,2.84,1.15,0.00678,16.7,0.785,116.879,4,216320,2020
"Sit Still, Look Pretty",Daya,69,"Sit Still, Look Pretty",0,65.7,73.9,-4.081,1,2,27.4,14.1,0,17.8,0.543,181.994,4,202221,2021
Fuck You,Lily Allen,67,"It's Not Me, It's You",62,77.5,90.4,-4.08,0,1,4.37,2.71,0.000303,6,0.84,130.009,4,219893,2019
20 Min,Lil Uzi Vert,85,Luv Is Rage 2 (Deluxe),83,77.3,75,-4.009,0,8,11.7,10.9,0,17.4,0.783,123.426,4,220587,2020
"Sofia the First Main Title Theme - From ""Sofia the First""",Cast - Sofia the First,44,Sofia the First,54,65.5,78.9,-3.995,1,4,4.89,42.3,0,13,0.66,92.968,4,52867,2020
Yours,Raiden,52,Yours,68,67.6,77.4,-3.988,1,8,3.38,13.7,0,10.6,0.392,86.994,4,235413,2021
Oh No!,MARINA,73,The Family Jewels,72,77,89.6,-3.971,1,0,3.9,5.39,0,24.3,0.964,126.999,4,182587,2019
Hot N Cold,Katy Perry,83,One Of The Boys,70,70.6,84.1,-3.956,1,7,4.18,0.00795,0,6.88,0.861,132.032,4,220227,2021
Pepas,Farruko,84,Pepas,87,76.2,76.6,-3.955,1,7,3.43,0.776,6.98e-05,12.8,0.442,130.001,4,287120,2021
Beef FloMix,Flo Milli,67,"Ho, why is you here ?",62,87.9,73.3,-3.953,0,11,14.2,21.6,0,27.4,0.913,117.039,4,147692,2020
Copines,Aya Nakamura,69,NAKAMURA,72,70.1,78.7,-3.941,0,8,8.55,27,0,10.5,0.904,180.027,4,171720,2021
Heads Will Roll - A-Trak Remix,Yeah Yeah Yeahs,64,Heads Will Roll,61,74.4,61.4,-3.908,0,1,8.38,0.685,0.334,7.08,0.774,131.994,4,383547,2020
Everybody Talks,Neon Trees,66,Picture Show,79,47.1,92.4,-3.906,1,8,5.86,0.301,0,31.3,0.725,154.961,4,177280,2020
Pocketful of Sunshine,Natasha Bedingfield,64,Pocketful Of Sunshine,69,72.1,88,-3.896,0,9,4.54,19.1,0,7.69,0.655,110.021,4,202907,2020
Please Don't Go,Mike Posner,70,31 Minutes to Takeoff,68,69.9,88.2,-3.896,0,4,3.11,0.296,0.0544,13,0.657,120.016,4,196813,2021
Grow A Pear,Kesha,76,Cannibal (Expanded Edition),60,86.3,66.7,-3.891,1,0,5.08,1.54,0.000341,12.5,0.892,120.011,4,208867,2020
Moment 4 Life,Nicki Minaj,85,Pink Friday,0,68,88.2,-3.883,1,11,23.6,40.6,0,24.1,0.386,97.943,4,279307,2019
Moment 4 Life,Nicki Minaj,85,Pink Friday (Complete Edition),52,68,88.1,-3.883,1,11,23.7,40.6,0,24.2,0.386,97.941,4,279307,2020
Replay,Lady Gaga,84,Chromatica,66,65.8,87.8,-3.875,1,1,12.3,0.792,0,94.4,0.683,122.015,4,186653,2020
Brave,Sara Bareilles,65,The Blessed Unrest,70,55.1,83.6,-3.838,0,10,5.24,0.502,2.1e-05,4.25,0.758,185.063,4,220573,2021
Shake It,Metro Station,53,Metro Station,68,61.8,95.5,-3.836,1,4,7.98,0.221,3.09e-06,48.6,0.79,150.034,4,179947,2019
Ready or Not,Bridgit Mendler,62,Hello My Name Is...,73,71.5,87.2,-3.835,1,2,5.09,0.351,3.84e-05,10.7,0.748,93.043,4,200947,2020
Mine,Bazzi,72,COSMIC,24,71.9,80.3,-3.834,1,4,7.95,1.48,4e-06,29,0.712,142.966,4,133995,2020
Griztronics,GRiZ,60,Bangers[2].Zip,60,60.7,94.1,-3.807,0,11,48.1,3.7,0.0137,32.1,0.521,75.401,4,198400,2019
love nwantiti (ah ah ah),CKay,73,CKay The First,84,72.7,73.9,-3.805,1,8,4.11,36.5,0.00137,16.1,0.533,93.005,4,145800,2021
#BrooklynBloodPop!,SyKo,58,#BrooklynBloodPop!,75,69.1,81.4,-3.788,0,1,11.7,1.64,0,36.6,0.509,132.012,4,145611,2021
Polaroid Love,ENHYPEN,75,DIMENSION : ANSWER,79,73.8,67,-3.766,0,7,4.39,45.8,0,36.1,0.651,138.055,4,184602,2021
Rain On Me (with Ariana Grande),Lady Gaga,84,Rain On Me (with Ariana Grande),74,67.2,85.5,-3.764,1,9,3.97,2.1,0,32.3,0.646,123.056,4,182200,2020
Still into You,Paramore,75,Paramore,79,60.2,92.3,-3.763,1,5,4.4,0.98,0,5.61,0.765,136.01,4,216013,2020
Still into You,Paramore,75,Paramore,79,60.2,92.3,-3.763,1,5,4.4,0.98,0,5.61,0.765,136.01,4,216013,2021
Physical,Dua Lipa,88,Future Nostalgia,75,64.7,84.4,-3.756,1,0,4.57,1.37,0.000658,10.2,0.746,146.967,4,193829,2020
Baby I'm Yours,Breakbot,57,By Your Side,69,82.9,79.2,-3.755,0,2,6.68,72.6,5.83e-06,12.2,0.758,118.05,4,215507,2019
Baby I'm Yours,Breakbot,57,By Your Side,69,82.9,79.2,-3.755,0,2,6.68,72.6,5.83e-06,12.2,0.758,118.05,4,215507,2020
California Gurls,Katy Perry,83,Teenage Dream: The Complete Confection,75,79.1,75.4,-3.729,1,0,5.69,0.446,0,16.3,0.425,125.014,4,234653,2021
Electric Feel,MGMT,74,Oracular Spectacular,77,76.3,80.3,-3.713,1,1,3.51,7.09,0.285,34.8,0.561,103.04,3,229640,2020
Bad Habits,Ed Sheeran,90,Bad Habits,22,80.8,89.7,-3.712,0,11,3.48,4.69,3.14e-05,36.4,0.591,126.026,4,231041,2021
Tell Me Something I Don't Know - Soundtrack,Selena Gomez,80,Another Cinderella Story (Original Motion Picture Soundtrack),56,61.1,93.6,-3.697,0,7,11,3.09,0,12,0.697,144.901,4,201427,2019
U Was At The Club (Bottoms Up),The Boyboy West Coast,32,U Was At The Club (Bottoms Up),50,84.5,79.1,-3.674,1,3,16.1,1.86,0.107,9.57,0.843,117.987,4,196400,2019
Mood (feat. iann dior),24kGoldn,74,El Dorado,83,70.1,71.6,-3.671,0,7,3.61,17.4,0,32.4,0.732,91.007,4,140533,2020
Someone To You,BANNERS,65,Someone To You,0,51.1,93,-3.649,1,2,4.41,0.56,0,24.2,0.673,75.01,4,219813,2020
Photo ID,Remi Wolf,65,I'm Allergic To Dogs!,63,82.2,66,-3.637,1,1,8.19,11.1,0,14.3,0.802,113.956,4,265263,2020
Just Fine,Mary J. Blige,70,Growing Pains,62,92.3,79.5,-3.61,0,11,11.7,3.94,0.000565,10.1,0.588,123.021,4,242133,2020
Mood (feat. iann dior),24kGoldn,74,Mood (feat. iann dior),18,70,72.2,-3.558,0,7,3.69,22.1,0,27.2,0.756,90.989,4,140526,2021
My Lecon,JTL,25,Enter The Dragon,40,94.5,82.1,-3.549,0,9,5.03,28.1,0.000316,5.34,0.528,107.99,4,206200,2021
May I,Flo Milli,67,"Ho, why is you here ?",61,89.6,78,-3.547,1,1,20.2,8.28,0,8.57,0.85,106.032,4,163019,2020
Habits (Stay High),Tove Lo,74,Queen Of The Clouds,75,73.3,65,-3.539,1,5,3.15,7.03,6.59e-05,8.29,0.348,110.003,4,209160,2021
Rockefeller Street (New Nightcore) [#Rockefellerstreet Remix],Getter Jaani,42,Rockefeller Street (New Nightcore) [#Rockefellerstreet Remix],59,65.9,93.6,-3.519,1,2,6.06,28.3,0.0207,19.2,0.884,161.983,4,155009,2019
Kiss Me More (feat. SZA),Doja Cat,88,Planet Her,82,76.4,70.5,-3.463,1,8,2.84,25.9,8.92e-05,12,0.781,110.97,4,208667,2021
K·∫ C·∫_ G·∫_ B_ Gi_ - Remix,DJ TikTok,38,K·∫ C·∫_ G·∫_ B_ Gi_,41,87.5,67.7,-3.441,0,3,4.67,3.91,0.611,33.2,0.798,128.015,4,194955,2021
Break My Heart,Dua Lipa,88,Future Nostalgia,78,73,72.9,-3.434,0,4,8.84,16.7,1.39e-06,34.9,0.467,113.011,4,221820,2020
Material Girl,Madonna,77,Celebration (double disc version),78,74.2,88.3,-3.419,1,0,3.29,33.3,7.51e-06,9.64,0.978,136.506,4,240280,2019
BOOM,Ti√´sto,82,BOOM,69,88.6,84,-3.386,1,2,5.02,1.64,0.00622,32.9,0.203,123.035,4,179512,2021
Love Me,Justin Bieber,90,My Worlds (International Version),47,71.2,86.8,-3.319,0,5,6.56,0.939,0,28.3,0.652,125.028,4,191573,2019
Love Me,Justin Bieber,90,My World,68,72.9,86.8,-3.319,1,3,6.09,0.939,0,28.3,0.632,124.957,4,191573,2021
Where'd You Go (feat. Holly Brook & Jonah Matranga),Fort Minor,60,The Rising Tied,61,68.4,81.9,-3.309,0,1,23.8,26.2,0.00197,11.3,0.25,179.999,4,231867,2021
Runway,Stunna Girl,45,YKWTFGO,47,63.8,91.2,-3.3,1,1,47.4,1.55,0,23.4,0.725,190.178,4,152464,2019
Stereo Hearts (feat. Adam Levine),Gym Class Heroes,68,The Papercut Chronicles II,63,64.6,79.5,-3.293,1,9,9.76,3.19,0,26.7,0.796,89.99,4,210960,2021
You're Perfect,Charly Black,60,You're Perfect,57,81.7,85.5,-3.282,0,7,24.4,31.8,0,5.17,0.783,104.909,4,196973,2021
Give Your Heart a Break,Demi Lovato,79,Unbroken,70,65.1,69.5,-3.218,1,6,4.87,23,0,14.4,0.569,123.008,4,205347,2020
Fashion Week,cry,0,Fashion Week,0,71.7,84.6,-3.182,0,1,3.29,0.401,0.0913,5,0.713,136.961,4,155365,2021
Go Stupid (feat. NLE Choppa & Mike WiLL Made-It),Polo G,83,Go Stupid (feat. NLE Choppa & Mike WiLL Made-It),54,92,83.3,-3.18,1,1,25.3,2.77,0,5.96,0.645,141.034,4,165726,2020
Gimme More,Britney Spears,78,Blackout,79,78.8,84.4,-3.131,1,2,3.34,25,0.000678,7.23,0.382,113.324,4,251240,2021
Won't Bite (feat. Smino),Doja Cat,88,Hot Pink,68,80.7,78.3,-3.115,1,5,9.64,35.1,0,14,0.592,127.996,4,195213,2020
Where Them Girls At (feat. Nicki Minaj & Flo Rida),David Guetta,86,Nothing but the Beat (Ultimate Edition),72,66.6,87.6,-3.078,1,3,4.14,5.5,0,25.9,0.552,129.884,4,194840,2021
Borderline,Tame Impala,78,The Slow Rush,78,62.1,87.3,-3.067,0,5,3.69,4.06,9.1e-06,8.24,0.873,97.96,4,237800,2020
Truth Hurts,Lizzo,81,Cuz I Love You (Deluxe),63,71.5,62.4,-3.046,0,4,11.4,11,0,12.3,0.412,158.087,4,173325,2019
Oh Nanana Challenge,Bonde R300,41,Oh Nanana Challenge,0,72.9,84.2,-2.997,1,1,26.1,5.97,3.11e-06,31.9,0.574,64.808,4,133116,2019
American Boy,Estelle,65,Shine,78,72.7,72.9,-2.99,1,0,32.6,17.1,0,7,0.512,117.932,4,284733,2019
American Boy,Estelle,65,Shine,78,72.7,72.9,-2.99,1,0,32.6,17.1,0,7,0.512,117.932,4,284733,2020
What's My Name?,Rihanna,87,Loud,54,69,78.6,-2.959,1,2,6.92,22.9,0,7.97,0.583,100.049,4,263173,2020
Dandelions,Ruth B.,75,Safe Haven,90,60.9,69.2,-2.958,1,1,2.59,1.57,0,8.64,0.454,116.959,3,233720,2021
BANG BANG BANG,BIGBANG,65,MADE,67,69,84.3,-2.949,1,1,5.34,1.67,0,34.6,0.428,135.01,4,220178,2021
Hello Bitches,CL,59,Hello Bitches,66,71.4,88.4,-2.932,1,11,11.3,0.985,0,43.9,0.584,145.075,4,178177,2021
Who Says,Selena Gomez & The Scene,67,When The Sun Goes Down,76,68.2,92.7,-2.915,1,4,4.79,8.43,0,14.9,0.744,101.019,4,195613,2020
Who Says,Selena Gomez & The Scene,67,When The Sun Goes Down,76,68.2,92.7,-2.915,1,4,4.79,8.43,0,14.9,0.744,101.019,4,195613,2021
No Lie,Sean Paul,79,Mad Love The Prequel,83,74.2,88.2,-2.862,1,7,11.7,4.66,0,20.6,0.463,102.04,4,221176,2021
Some,BOL4,62,Red Diary Page.1,72,65.9,79.9,-2.849,0,1,6.29,41.7,0,5.62,0.782,103.991,4,181373,2021
07‘¬24»’,Celina Sharma,52,CECE,67,70.4,63.8,-2.834,1,10,7.42,38.5,0,6.83,0.386,107.974,4,184478,2021
Bound 2,Kanye West,90,Yeezus,83,36.7,66.5,-2.821,1,1,4.65,14.5,0,11.3,0.31,148.913,4,229147,2020
Sweater Weather,The Neighbourhood,83,I Love You.,90,61.2,80.7,-2.81,1,10,3.36,4.95,0.0177,10.1,0.398,124.053,4,240400,2019
"SG (with Ozuna, Megan Thee Stallion & LISA of BLACKPINK)",DJ Snake,77,"SG (with Ozuna, Megan Thee Stallion & LISA of BLACKPINK)",76,80,83.7,-2.807,0,6,4.91,0.406,0.00313,9.04,0.702,100.015,4,225600,2021
Bulletproof,La Roux,65,La Roux,71,67.4,88.2,-2.771,0,3,4.77,0.0441,6.47e-05,6.8,0.682,123.016,4,205733,2020
VIBEZ,DaBaby,82,KIRK,71,76.8,65.2,-2.708,0,1,30.7,11.3,0,10.7,0.777,154.187,4,144935,2020
Primadonna,MARINA,73,Electra Heart,50,66,68.9,-2.671,0,4,3.37,8.84,0,9.22,0.427,127.98,4,221075,2020
Juicy,Doja Cat,88,Hot Pink,73,78.5,65.2,-2.607,1,0,6.68,10.2,0,6.97,0.484,170.024,4,203093,2020
Good Girls Bad Guys,Falling In Reverse,70,The Drug In Me Is You,64,47.4,94.8,-2.592,1,3,12.2,2.23,0,43,0.611,146.46,4,195373,2019
Tutu,Camilo,80,Tutu,69,73.1,83.2,-2.592,1,9,5.03,27.3,0,6.65,0.94,146.013,4,178613,2021
One Time,Justin Bieber,90,My World,70,69.1,85.3,-2.528,0,1,3.72,6.31,7.13e-05,8.2,0.762,145.999,4,215867,2021
Smack a Bitch,Rico Nasty,67,Smack a Bitch,61,70.3,70,-2.417,1,2,22.1,0.55,0,11.5,0.34,169.861,4,138353,2019
ok boomer (feat. Jed Will),Peter Kuli,31,ok boomer,36,91.3,51.8,-2.317,1,1,41.6,9.2,0,7.1,0.594,129.896,4,132923,2019
"Jump Up, Super Star!",VGR,50,"Jump Up, Super Star!",52,61.9,85.8,-2.312,1,8,22.3,2.9,0,16.4,0.588,104.753,4,241452,2019
Levitating,Dua Lipa,88,Future Nostalgia,83,69.5,88.4,-2.278,0,6,7.53,5.61,0,21.3,0.914,103.014,4,203808,2021
Crank That (Soulja Boy),Soulja Boy,69,souljaboytellem.com,74,73.6,74,-2.18,1,0,7.86,51.5,0,4.68,0.803,140.141,4,221933,2019
PYRO,Chester Young,44,PYRO,60,71.8,97.7,-1.824,1,1,6.68,14.3,0.0318,37.4,0.259,125.983,4,148364,2021
After School,Weeekly,56,We play,72,63.4,92.8,-1.609,1,1,5.14,0.719,2.55e-06,6.26,0.738,164.007,4,205373,2021